collision-id,report-number,report-version,is-preliminary,ncic-code,crash-date-time,crash-time-description,beat,city-id,city-code,city-name,county-code,city-is-active,city-is-incorporated,collision-type-code,collision-type-description,collision-type-other-desc,day-of-week,dispatch-notified,has-photographs,hit-run,is-attachments-mailed,is-deleted,is-highway-related,is-tow-away,judicial-district,motor-vehicle-involved-with-code,motor-vehicle-involved-with-desc,motor-vehicle-involved-with-other-desc,number-injured,number-killed,weather-1,weather-2,road-condition-1,road-condition-2,special-condition-lighting-code,lighting-description,latitude,longitude,milepost-direction,milepost-distance,milepost-marker,milepost-unit-of-measure,pedestrian-action-code,pedestrian-action-desc,prepared-date,primary-collision-factor-code,primary-collision-factor-violation,primary-collision-factor-is-cited,primary-collision-party-number,primary-road,reporting-district,reporting-district-code,reviewed-date,roadway-surface-code,secondary-direction,secondary-distance,secondary-road,secondary-unit-of-measure,sketch-desc,traffic-control-device-code,created-date,modified-date,is-county-road,is-freeway,chp-555-version,is-additonal-object-struck,notification-date,notification-time-description,has-digital-media-files,evidence-number,is-location-refer-to-narrative,is-aoi-one-same-as-location
913215,9370-2019-00286,1,False,9370,1/18/2019 1:35:00 PM,1335,176,14,109,Oakland,1,True,True,C,REAR END,,Friday,NotApplicable,False,M,,False,True,False,Oakland Superior,C,OTHER MOTOR VEHICLE,,0,0,CLEAR,,NO UNUSUAL CONDITIONS,,A,DAYLIGHT,37.769935,-122.221387,,,,,A,NO PEDESTRIANS INVOLVED,1/18/2019 12:00:00 AM,A,22350,False,2,I-880 N/B,,,1/27/2019 3:21:09 PM,A,N,100.0,HIGH STREET,F,,D,1/27/2019 3:21:55 PM,1/27/2019 3:21:55 PM,,True,2,,,,,,,
913205,9370-2019-00312,1,False,9370,1/24/2019 6:11:00 AM,611,8,14,109,Oakland,1,True,True,C,REAR END,,Thursday,NotApplicable,False,,,False,True,False,Oakland Superior,C,OTHER MOTOR VEHICLE,,0,0,CLEAR,,NO UNUSUAL CONDITIONS,,C,DARK-STREET LIGHTS,37.826496,-122.300583,,,,,A,NO PEDESTRIANS INVOLVED,1/24/2019 12:00:00 AM,A,22350 VC,False,1,I-80 W/B,,,1/27/2019 1:50:34 PM,A,E,1480.0,I-880 N/B TO I-80 W/B,F,,D,1/27/2019 1:51:07 PM,1/27/2019 1:51:07 PM,,True,2,,,,,,,
913202,9370-2019-00345,1,False,9370,1/26/2019 10:02:00 AM,1002,55,14,109,Oakland,1,True,True,C,REAR END,,Saturday,NotApplicable,False,M,,False,True,False,Oakland Superior,C,OTHER MOTOR VEHICLE,,0,0,CLEAR,,NO UNUSUAL CONDITIONS,,A,DAYLIGHT,37.826889,-122.289216,,,,,A,NO PEDESTRIANS INVOLVED,1/26/2019 12:00:00 AM,A,22350,False,1,I-580 W/B TO I-80 E/B,,,1/27/2019 1:48:22 PM,A,E,70.0,MANDELA PARKWAY,F,,D,1/27/2019 1:48:52 PM,1/27/2019 1:48:52 PM,,True,2,,,,,,,
913200,9370-2019-00260,1,False,9370,1/20/2019 3:17:00 PM,1517,8,14,109,Oakland,1,True,True,C,REAR END,,Sunday,NotApplicable,False,,,False,True,False,Oakland Superior,C,OTHER MOTOR VEHICLE,,0,0,CLOUDY,,NO UNUSUAL CONDITIONS,,A,DAYLIGHT,37.494258,-122.1739,,,,,A,NO PEDESTRIANS INVOLVED,1/20/2019 12:00:00 AM,A,22350,False,1,I-80 E/B,,,1/27/2019 1:39:23 PM,B,W,3525.0,Powell St,F,,D,1/27/2019 1:40:04 PM,1/27/2019 1:40:04 PM,,True,2,,,,,,,
913196,9370-2019-00327,1,False,9370,1/24/2019 10:10:00 PM,2210,176,14,109,Oakland,1,True,True,B,SIDE SWIPE,,Thursday,Yes,False,M,,False,True,False,Oakland Superior,C,OTHER MOTOR VEHICLE,,0,0,CLEAR,,NO UNUSUAL CONDITIONS,,D,DARK-NO STREET LIGHTS,37.77217,-122.22557,,,,,A,NO PEDESTRIANS INVOLVED,1/24/2019 12:00:00 AM,A,21658(a),False,1,I-880 S/B,,,1/27/2019 1:09:34 PM,A,S,1752.0,Fruitvale Ave,F,,D,1/27/2019 1:10:48 PM,1/27/2019 1:10:48 PM,,True,2,,,,,,,
913195,9370-2019-00320,1,False,9370,1/24/2019 5:45:00 PM,1745,25,14,109,Oakland,1,True,True,C,REAR END,,Thursday,Yes,False,,,False,True,True,Oakland Superior,C,OTHER MOTOR VEHICLE,,0,0,CLEAR,,NO UNUSUAL CONDITIONS,,D,DARK-NO STREET LIGHTS,37.827352,-122.267008,,,,,A,NO PEDESTRIANS INVOLVED,1/24/2019 12:00:00 AM,A,22350,False,1,SR-24 E/B TO 51ST AVE,,,1/27/2019 1:02:17 PM,A,W,750.0,40th St,F,,D,1/27/2019 1:03:28 PM,1/27/2019 1:03:28 PM,,True,2,,,,,,,
913194,9370-2019-00294,1,False,9370,1/22/2019 6:00:00 PM,1800,176,14,109,Oakland,1,True,True,C,REAR END,,Tuesday,NotApplicable,False,M,,False,True,True,Oakland Superior,C,OTHER MOTOR VEHICLE,,0,0,CLEAR,,NO UNUSUAL CONDITIONS,,A,DAYLIGHT,37.774606,-122.231538,,,,,A,NO PEDESTRIANS INVOLVED,1/22/2019 12:00:00 AM,A,22350,False,2,I-880 N/B TO 29TH AVENUE,,,1/27/2019 12:53:31 PM,A,S,461.0,29th Ave,F,,D,1/27/2019 12:54:29 PM,1/27/2019 12:54:29 PM,,True,2,,,,,,,
913192,9370-2019-00337,1,False,9370,1/25/2019 6:30:00 AM,630,178,14,109,Oakland,1,True,True,B,SIDE SWIPE,,Friday,NotApplicable,False,,,False,True,False,Oakland Superior,C,OTHER MOTOR VEHICLE,,0,0,CLEAR,,NO UNUSUAL CONDITIONS,,D,DARK-NO STREET LIGHTS,37.824886,-122.305046,,,,,A,NO PEDESTRIANS INVOLVED,1/26/2019 12:00:00 AM,A,21658(a),False,1,I-880 N/B TO I-80 W/B,,,1/27/2019 12:40:19 PM,A,N,1500.0,Maritime St,F,,D,1/27/2019 12:41:30 PM,1/27/2019 12:41:30 PM,,True,2,,,,,,,
913191,9370-2019-00255,1,False,9370,1/19/2019 11:45:00 AM,1145,176,14,109,Oakland,1,True,True,C,REAR END,,Saturday,NotApplicable,False,,,False,True,True,Oakland Superior,C,OTHER MOTOR VEHICLE,,0,0,CLEAR,,NO UNUSUAL CONDITIONS,,A,DAYLIGHT,37.75766,-122.2112,,,,,A,NO PEDESTRIANS INVOLVED,1/19/2019 12:00:00 AM,A,22350,False,1,I-880 N/B,,,1/27/2019 12:33:52 PM,A,N,1600.0,Hegenberger Rd,F,,D,1/27/2019 12:34:50 PM,1/27/2019 12:34:50 PM,,True,2,,,,,,,
913190,9370-2019-00328,1,False,9370,1/25/2019 8:19:00 AM,819,52,14,109,Oakland,1,True,True,C,REAR END,,Friday,NotApplicable,False,,,False,True,False,Oakland Superior,C,OTHER MOTOR VEHICLE,,0,0,CLEAR,,NO UNUSUAL CONDITIONS,,A,DAYLIGHT,37.775319,-122.161697,,,,,A,NO PEDESTRIANS INVOLVED,1/25/2019 12:00:00 AM,A,22350,False,1,I-580 W/B,,,1/27/2019 12:30:07 PM,A,W,1690.0,Keller Ave,F,,D,1/27/2019 12:30:59 PM,1/27/2019 12:30:59 PM,,True,2,,,,,,,
913185,9370-2019-00254,1,False,9370,1/18/2019 12:55:00 PM,1255,176,14,109,Oakland,1,True,True,B,SIDE SWIPE,,Friday,NotApplicable,False,,,False,True,False,Oakland Superior,C,OTHER MOTOR VEHICLE,,0,0,CLEAR,,NO UNUSUAL CONDITIONS,,A,DAYLIGHT,37.77195,-122.224,,,,,A,NO PEDESTRIANS INVOLVED,1/18/2019 12:00:00 AM,B,Unsafe Merge,,1,I-880 N/B,,,1/27/2019 11:04:57 AM,A,N,1200.0,42nd Ave,F,,D,1/27/2019 11:05:26 AM,1/27/2019 11:05:26 AM,,True,2,,,,,,,
913181,9370-2019-00338,1,False,9370,1/26/2019 12:20:00 PM,1220,8,14,109,Oakland,1,True,True,B,SIDE SWIPE,,Saturday,NotApplicable,False,,,False,True,False,Oakland Superior,C,OTHER MOTOR VEHICLE,,0,0,CLEAR,,NO UNUSUAL CONDITIONS,,A,DAYLIGHT,37.824771,-122.311654,,,,,A,NO PEDESTRIANS INVOLVED,1/26/2019 12:00:00 AM,A,21658(a),False,2,I-80 W/B,,,1/27/2019 10:24:18 AM,A,E,600.0,SFOBB TOLL PLAZA,F,,D,1/27/2019 10:24:47 AM,1/27/2019 10:24:47 AM,,True,2,,,,,,,
913179,9370-2019-00316,1,False,9370,1/23/2019 6:11:00 PM,1811,177,14,109,Oakland,1,True,True,C,REAR END,,Wednesday,NotApplicable,False,,,False,True,True,Oakland Superior,C,OTHER MOTOR VEHICLE,,0,0,CLEAR,,NO UNUSUAL CONDITIONS,,C,DARK-STREET LIGHTS,37.464782,-122.141548,,,,,A,NO PEDESTRIANS INVOLVED,1/23/2019 12:00:00 AM,A,22350,False,2,I-880 N/B from 23rd Avenue,,,1/27/2019 10:11:57 AM,A,N,148.0,23rd Avenue,F,,D,1/27/2019 10:12:35 AM,1/27/2019 10:12:35 AM,,True,2,,,,,,,
912826,9335-2019-00158,1,False,9370,1/22/2019 10:32:00 AM,1032,176,14,109,Oakland,1,True,True,C,REAR END,,Tuesday,NotApplicable,False,,,False,True,False,Oakland Superior,C,OTHER MOTOR VEHICLE,,0,0,CLEAR,,NO UNUSUAL CONDITIONS,,A,DAYLIGHT,37.744847,-122.200037,,,,,A,NO PEDESTRIANS INVOLVED,1/22/2019 12:00:00 AM,A,22350,False,1,I-880 N/B,,,1/25/2019 1:23:57 PM,A,N,1670.0,Hegenberger Rd,F,,D,1/25/2019 1:25:03 PM,1/25/2019 1:25:03 PM,,True,2,,,,,,,
912792,9335-2019-00187,1,False,9335,1/25/2019 6:30:00 AM,630,82,14,109,Oakland,1,True,True,C,REAR END,,Friday,NotApplicable,False,M,,False,True,False,Oakland Superior,C,OTHER MOTOR VEHICLE,,0,0,CLEAR,,NO UNUSUAL CONDITIONS,,C,DARK-STREET LIGHTS,37.821401,-122.3342,,,,,A,NO PEDESTRIANS INVOLVED,1/25/2019 12:00:00 AM,A,22350,False,1,I-80 W/B,,,1/25/2019 12:58:48 PM,A,W,1.3,SFPBB TOLL PLAZA,M,,D,1/25/2019 12:59:18 PM,1/25/2019 12:59:18 PM,,True,2,,,,,,,
912757,9335-2019-00160,1,False,9370,1/22/2019 11:20:00 AM,1120,176,14,109,Oakland,1,True,True,C,REAR END,,Tuesday,NotApplicable,False,,,False,True,True,Oakland Superior,C,OTHER MOTOR VEHICLE,,0,0,CLEAR,,NO UNUSUAL CONDITIONS,,A,DAYLIGHT,37.726471,-122.183855,,,,,A,NO PEDESTRIANS INVOLVED,1/22/2019 12:00:00 AM,A,22350,False,1,I-880 N/B,,,1/25/2019 12:17:39 PM,A,S,2180.0,98th Ave,F,,D,1/25/2019 12:19:24 PM,1/25/2019 12:19:24 PM,,True,2,,,,,,,
912631,9370-2019-00262,1,False,9370,1/21/2019 8:10:00 AM,810,176,14,109,Oakland,1,True,True,C,REAR END,,Monday,Yes,False,,,False,True,True,Oakland Superior,C,OTHER MOTOR VEHICLE,,0,0,CLEAR,,NO UNUSUAL CONDITIONS,,A,DAYLIGHT,37.764174,-122.217255,,,,,A,NO PEDESTRIANS INVOLVED,1/21/2019 12:00:00 AM,A,22350,False,1,I-880 S/B,,,1/25/2019 10:36:10 AM,A,S,1742.0,High St,F,,D,1/25/2019 10:36:47 AM,1/25/2019 10:36:47 AM,,True,2,,,,,,,
912474,9335-2019-00174,1,False,9335,1/24/2019 6:20:00 AM,620,82,14,109,Oakland,1,True,True,B,SIDE SWIPE,,Thursday,NotApplicable,False,,,False,True,False,Oakland Superior,C,OTHER MOTOR VEHICLE,,0,0,CLEAR,,NO UNUSUAL CONDITIONS,,C,DARK-STREET LIGHTS,37.82414,-122.3175,,,,,A,NO PEDESTRIANS INVOLVED,1/24/2019 12:00:00 AM,A,21658(a),False,,I-80 W/B,,,1/25/2019 8:40:32 AM,A,W,50.0,SFOBB METERING LIGHTS,F,,D,1/25/2019 8:41:05 AM,1/25/2019 8:41:05 AM,,True,2,,,,,,,
912393,9370-2019-00076,1,False,9370,1/7/2019 2:30:00 AM,230,8,14,109,Oakland,1,True,True,C,REAR END,,Monday,NotApplicable,False,M,,False,True,True,Oakland Superior,C,OTHER MOTOR VEHICLE,,0,0,RAINING,,NO UNUSUAL CONDITIONS,,D,DARK-NO STREET LIGHTS,37.494391,-122.17377,,,,,A,NO PEDESTRIANS INVOLVED,1/7/2019 12:00:00 AM,C,,,,I-80 E/B,,,1/25/2019 7:32:57 AM,B,W,3400.0,Powell St,F,,D,1/25/2019 7:33:31 AM,1/25/2019 7:33:31 AM,,True,2,,,,,,,
912385,9370-2019-00306,1,False,9370,1/24/2019 6:00:00 AM,600,55,14,109,Oakland,1,True,True,C,REAR END,,Thursday,NotApplicable,False,,,False,True,False,Oakland Superior,C,OTHER MOTOR VEHICLE,,0,0,CLEAR,,NO UNUSUAL CONDITIONS,,C,DARK-STREET LIGHTS,37.826847,-122.286507,,,,,A,NO PEDESTRIANS INVOLVED,1/24/2019 12:00:00 AM,A,21658(a),False,1,I-580 W/B,,,1/25/2019 7:19:08 AM,A,W,550.0,Hollis St,F,,D,1/25/2019 7:20:10 AM,1/25/2019 7:20:10 AM,,True,2,,,,,,,
911291,9370-2019-00283,1,False,9370,1/23/2019 9:04:00 AM,904,52,14,109,Oakland,1,True,True,C,REAR END,,Wednesday,NotApplicable,False,,,False,True,False,Oakland Superior,C,OTHER MOTOR VEHICLE,,0,0,CLEAR,,NO UNUSUAL CONDITIONS,,A,DAYLIGHT,37.46412,-122.10532,,,,,A,NO PEDESTRIANS INVOLVED,1/23/2019 12:00:00 AM,A,22350,False,1,I-580 E/B,,,1/24/2019 4:48:53 PM,A,E,1850.0,Kuhnle Ave,F,,D,1/24/2019 4:50:51 PM,1/24/2019 4:50:51 PM,,True,2,,,,,,,
911282,9370-2019-00236,1,False,9370,1/18/2019 1:30:00 PM,1330,176,14,109,Oakland,1,True,True,C,REAR END,,Friday,NotApplicable,False,,,False,True,True,Oakland Superior,C,OTHER MOTOR VEHICLE,,0,0,CLEAR,,NO UNUSUAL CONDITIONS,,A,DAYLIGHT,37.772839,-122.226995,,,,,A,NO PEDESTRIANS INVOLVED,1/18/2019 12:00:00 AM,A,22350,False,1,I-880 S/B,,,1/24/2019 4:37:49 PM,A,S,300.0,Fruitvale Ave,F,,D,1/24/2019 4:38:24 PM,1/24/2019 4:38:24 PM,,True,2,,,,,,,
911275,9370-2019-00299,1,False,9370,1/23/2019 9:00:00 AM,900,177,14,109,Oakland,1,True,True,C,REAR END,,Wednesday,NotApplicable,False,,,False,True,False,Oakland Superior,C,OTHER MOTOR VEHICLE,,0,0,CLEAR,,NO UNUSUAL CONDITIONS,,A,DAYLIGHT,37.790597,-122.260341,,,,,A,NO PEDESTRIANS INVOLVED,1/23/2019 12:00:00 AM,A,22350,False,1,I-880 S/B,,,1/24/2019 4:29:56 PM,A,N,100.0,5th Ave,F,,D,1/24/2019 4:30:30 PM,1/24/2019 4:30:30 PM,,True,2,,,,,,,
911268,9370-2019-00301,1,False,9370,1/24/2019 7:45:00 AM,745,8,14,109,Oakland,1,True,True,C,REAR END,,Thursday,Yes,False,,,False,True,True,Oakland Superior,C,OTHER MOTOR VEHICLE,,1,0,CLEAR,,NO UNUSUAL CONDITIONS,,A,DAYLIGHT,37.49367,-122.175642,,,,,A,NO PEDESTRIANS INVOLVED,1/24/2019 12:00:00 AM,A,22350,False,1,I-80 W/B,,,1/24/2019 4:25:25 PM,A,E,3000.0,W. GRAND AVE,F,,D,1/24/2019 4:26:20 PM,1/24/2019 4:26:20 PM,,True,2,,,,,,,
911233,9370-2019-00302,1,False,9370,1/24/2019 8:05:00 AM,805,13,14,109,Oakland,1,True,True,C,REAR END,,Thursday,NotApplicable,False,,,False,True,False,Oakland Superior,C,OTHER MOTOR VEHICLE,,0,0,CLEAR,,NO UNUSUAL CONDITIONS,,A,DAYLIGHT,37.81797,-122.20415,,,,,A,NO PEDESTRIANS INVOLVED,1/24/2019 12:00:00 AM,A,22350,False,1,SR-13 N/B,,,1/24/2019 3:46:47 PM,A,S,1629.0,Park Blvd,F,,D,1/24/2019 3:47:30 PM,1/24/2019 3:47:30 PM,,True,2,,,,,,,
910433,9370-2019-00208,1,False,9370,1/16/2019 6:00:00 AM,600,24,14,109,Oakland,1,True,True,B,SIDE SWIPE,,Wednesday,NotApplicable,False,M,,False,True,False,Oakland Superior,C,OTHER MOTOR VEHICLE,,0,0,RAINING,,NO UNUSUAL CONDITIONS,,D,DARK-NO STREET LIGHTS,37.845748,-122.249254,,,,,A,NO PEDESTRIANS INVOLVED,1/16/2019 12:00:00 AM,A,21658(a),False,1,SR-24 W/B,,,1/24/2019 7:30:00 AM,B,E,810.0,College Ave,F,,D,1/24/2019 7:30:29 AM,1/24/2019 7:30:29 AM,,True,2,,,,,,,
931575,9370-2019-00584,1,False,9370,2/13/2019 12:30:00 AM,30,177,14,109,Oakland,1,True,True,B,SIDE SWIPE,,Wednesday,NotApplicable,False,M,,False,True,False,Oakland Superior,C,OTHER MOTOR VEHICLE,,0,0,RAINING,,NO UNUSUAL CONDITIONS,,D,DARK-NO STREET LIGHTS,37.782926,-122.239788,,,,,A,NO PEDESTRIANS INVOLVED,2/13/2019 12:00:00 AM,A,21658A,False,1,I-880 S/B,,,2/22/2019 5:17:57 AM,B,S,1680.0,16th Ave,F,,D,2/22/2019 5:18:42 AM,2/22/2019 5:18:42 AM,,True,2,,,,,,,
931560,9370-2019-00669,1,False,9370,2/17/2019 8:50:00 PM,2050,52,14,109,Oakland,1,True,True,C,REAR END,,Sunday,Yes,False,,,False,True,False,Oakland Superior,C,OTHER MOTOR VEHICLE,,0,0,CLEAR,,NO UNUSUAL CONDITIONS,,D,DARK-NO STREET LIGHTS,37.78389,-122.182588,,,,,A,NO PEDESTRIANS INVOLVED,2/17/2019 12:00:00 AM,A,23152(a) VC,True,1,I-580 EASTBOUND,,,2/22/2019 12:07:49 AM,A,W,560.0,Davenport Avenue,F,,D,2/22/2019 12:08:33 AM,2/22/2019 12:08:33 AM,,True,2,,,,,,,
931549,9370-2019-00709,1,False,9370,2/20/2019 6:44:00 PM,1844,55,14,109,Oakland,1,True,True,C,REAR END,,Wednesday,NotApplicable,False,,,False,True,False,Oakland Superior,C,OTHER MOTOR VEHICLE,,0,0,CLEAR,,NO UNUSUAL CONDITIONS,,D,DARK-NO STREET LIGHTS,37.49384,-122.17543,,,,,A,NO PEDESTRIANS INVOLVED,2/20/2019 12:00:00 AM,A,22350,False,1,I-580 W/B,,,2/21/2019 7:09:13 PM,A,W,55.0,Hollis St,F,,D,2/21/2019 7:09:47 PM,2/21/2019 7:09:47 PM,,True,2,,,,,,,
931547,9370-2019-00706,1,False,9370,2/20/2019 6:31:00 PM,1831,8,14,109,Oakland,1,True,True,C,REAR END,,Wednesday,NotApplicable,False,,,False,True,False,Oakland Superior,C,OTHER MOTOR VEHICLE,,0,0,CLEAR,,NO UNUSUAL CONDITIONS,,C,DARK-STREET LIGHTS,37.492759,-122.183151,,,,,A,NO PEDESTRIANS INVOLVED,2/20/2019 12:00:00 AM,A,22350,False,3,I-80 E/B,,,2/21/2019 6:39:24 PM,A,E,150.0,West Grand Avenue O/C,F,,D,2/21/2019 6:39:53 PM,2/21/2019 6:39:53 PM,,True,2,,,,,,,
931378,9370-2019-00708,1,False,9370,2/20/2019 3:43:00 PM,1543,13,14,109,Oakland,1,True,True,C,REAR END,,Wednesday,NotApplicable,False,,,False,True,True,Oakland Superior,C,OTHER MOTOR VEHICLE,,0,0,CLEAR,,NO UNUSUAL CONDITIONS,,A,DAYLIGHT,37.50721,-122.13745,,,,,A,NO PEDESTRIANS INVOLVED,2/20/2019 12:00:00 AM,A,22350,True,1,SR-13 N/B,,,2/21/2019 2:34:19 PM,A,N,1160.0,Moraga Ave,F,,D,2/21/2019 2:34:48 PM,2/21/2019 2:34:48 PM,,True,2,,,,,,,
931322,9335-2019-00343,1,False,9335,2/11/2019 10:25:00 PM,2225,84,14,109,Oakland,1,True,True,E,HIT OBJECT,,Monday,NotApplicable,False,,,False,True,False,Central Court,I,FIXED OBJECT,TOLL BOOTH,0,0,CLEAR,,NO UNUSUAL CONDITIONS,,C,DARK-STREET LIGHTS,37.824962,-122.31379,,,,,A,NO PEDESTRIANS INVOLVED,2/11/2019 12:00:00 AM,A,22107,False,1,I-80 W/B,,,2/21/2019 1:59:50 PM,A,E,0.2,METERING LIGHTS,M,,A,2/21/2019 2:00:22 PM,2/21/2019 2:00:22 PM,,True,2,,,,,,,
931169,9370-2019-00590,3,False,9370,2/13/2019 11:50:00 AM,1150,54,14,109,Oakland,1,True,True,E,HIT OBJECT,,Wednesday,Yes,False,,,False,True,True,Oakland Superior,I,FIXED OBJECT,Fence and Pole,1,0,RAINING,,NO UNUSUAL CONDITIONS,,A,DAYLIGHT,37.80922,-122.24384,,,,,A,NO PEDESTRIANS INVOLVED,2/13/2019 12:00:00 AM,A,22350,False,1,I-580 W/B,,,4/3/2019 5:38:35 PM,B,E,670.0,Lakeshore Ave,F,,D,2/21/2019 12:31:58 PM,4/10/2019 11:32:41 AM,,True,2,,,,,,,
931063,9370-2019-00662,1,False,9370,2/17/2019 12:30:00 PM,1230,176,14,109,Oakland,1,True,True,C,REAR END,,Sunday,NotApplicable,False,M,,False,True,False,Oakland Superior,C,OTHER MOTOR VEHICLE,,0,0,CLEAR,,NO UNUSUAL CONDITIONS,,A,DAYLIGHT,37.45428,-122.12211,,,,,A,NO PEDESTRIANS INVOLVED,2/17/2019 12:00:00 AM,A,22350,False,1,I-880 S/B,,,2/21/2019 11:21:21 AM,A,S,1170.0,66th Ave,F,,D,2/21/2019 11:21:53 AM,2/21/2019 11:21:53 AM,,True,2,,,,,,,
930709,9370-2019-00702,1,False,9370,2/20/2019 8:45:00 AM,845,13,14,109,Oakland,1,True,True,C,REAR END,,Wednesday,NotApplicable,False,,,False,True,False,Oakland Superior,C,OTHER MOTOR VEHICLE,,0,0,CLEAR,,NO UNUSUAL CONDITIONS,,A,DAYLIGHT,37.8127,-122.19958,,,,,A,NO PEDESTRIANS INVOLVED,2/20/2019 12:00:00 AM,A,22350,False,1,SR-13 N/B,,,2/21/2019 7:36:43 AM,A,N,850.0,Joaquin Miller Rd,F,,D,2/21/2019 7:37:24 AM,2/21/2019 7:37:24 AM,,True,2,,,,,,,
930644,9370-2019-00712,1,False,9370,2/20/2019 6:45:00 PM,1845,52,14,109,Oakland,1,True,True,C,REAR END,,Wednesday,NotApplicable,False,,,False,True,False,Oakland Superior,C,OTHER MOTOR VEHICLE,,0,0,CLEAR,,NO UNUSUAL CONDITIONS,,B,DUSK-DAWN,37.785028,-122.188196,,,,,A,NO PEDESTRIANS INVOLVED,2/20/2019 12:00:00 AM,A,22350,False,1,I-580 E/B,,,2/21/2019 6:21:45 AM,A,W,1700.0,Seminary Ave,F,,D,2/21/2019 6:22:32 AM,2/21/2019 6:22:32 AM,,True,2,,,,,,,
930640,9370-2019-00601,1,False,9370,2/13/2019 8:40:00 PM,2040,52,14,109,Oakland,1,True,True,B,SIDE SWIPE,,Wednesday,NotApplicable,False,,,False,True,True,Oakland Superior,C,OTHER MOTOR VEHICLE,,0,0,RAINING,,NO UNUSUAL CONDITIONS,,D,DARK-NO STREET LIGHTS,37.472263,-122.12361,,,,,A,NO PEDESTRIANS INVOLVED,2/13/2019 12:00:00 AM,A,22350,False,1,I-580 E/B,,,2/21/2019 6:17:04 AM,B,W,1770.0,HIGH STREET,F,,D,2/21/2019 6:17:34 AM,2/21/2019 6:17:34 AM,,True,2,,,,,,,
930611,9370-2019-00604,1,False,9370,2/13/2019 10:20:00 PM,2220,54,14,109,Oakland,1,True,True,E,HIT OBJECT,,Wednesday,Yes,False,,,False,True,False,Oakland Superior,I,FIXED OBJECT,CONCRETE WALL,1,0,CLOUDY,RAINING,NO UNUSUAL CONDITIONS,,C,DARK-STREET LIGHTS,37.808468,-122.242032,,,,,A,NO PEDESTRIANS INVOLVED,2/13/2019 12:00:00 AM,A,22350,False,1,I-580 W/B,,,2/21/2019 5:00:40 AM,B,W,30.0,Lake Park Ave,F,,D,2/21/2019 5:04:40 AM,2/21/2019 5:04:40 AM,,True,2,,,,,,,
930480,9370-2019-00701,1,False,9370,2/20/2019 8:27:00 AM,827,13,14,109,Oakland,1,True,True,C,REAR END,,Wednesday,NotApplicable,False,,,False,True,False,Oakland Superior,C,OTHER MOTOR VEHICLE,,1,0,CLEAR,,NO UNUSUAL CONDITIONS,,A,DAYLIGHT,37.82993,-122.2141,,,,,A,NO PEDESTRIANS INVOLVED,2/20/2019 12:00:00 AM,A,22350,False,1,SR-13 N/B,,,2/20/2019 3:30:43 PM,A,S,1250.0,Moraga Ave,F,,D,2/20/2019 3:31:17 PM,2/20/2019 3:31:17 PM,,True,2,,,,,,,
930445,9370-2019-00692,1,False,9370,2/19/2019 5:35:00 PM,1735,24,14,109,Oakland,1,True,True,B,SIDE SWIPE,,Tuesday,No,False,M,,False,True,False,Oakland Superior,C,OTHER MOTOR VEHICLE,,0,0,CLEAR,,NO UNUSUAL CONDITIONS,,A,DAYLIGHT,37.851828,-122.222406,,,,,A,NO PEDESTRIANS INVOLVED,2/19/2019 12:00:00 AM,A,21658(a),False,1,SR-24 E/B,,,2/20/2019 3:10:43 PM,A,E,430.0,KAY ST OVERCROSSING,F,,D,2/20/2019 3:11:14 PM,2/20/2019 3:11:14 PM,,True,2,,,,,,,
930240,9370-2019-00637,1,False,9370,2/15/2019 3:15:00 PM,1515,13,14,109,Oakland,1,True,True,C,REAR END,,Friday,NotApplicable,False,,,False,True,True,Oakland Superior,C,OTHER MOTOR VEHICLE,,0,0,CLEAR,,NO UNUSUAL CONDITIONS,,A,DAYLIGHT,37.786272,-122.179458,,,,,A,NO PEDESTRIANS INVOLVED,2/15/2019 12:00:00 AM,A,22350,False,1,SR-13 S/B,,,2/20/2019 1:15:52 PM,B,N,300.0,Mountain Blvd,F,,D,2/20/2019 1:16:25 PM,2/20/2019 1:16:25 PM,,True,2,,,,,,,
930143,9370-2019-00671,1,False,9370,2/14/2019 7:42:00 AM,742,55,14,109,Oakland,1,True,True,C,REAR END,,Thursday,NotApplicable,False,,,False,True,True,Oakland Superior,C,OTHER MOTOR VEHICLE,,4,0,CLOUDY,RAINING,NO UNUSUAL CONDITIONS,,A,DAYLIGHT,37.827294,-122.28483,,,,,A,NO PEDESTRIANS INVOLVED,2/14/2019 12:00:00 AM,A,22350,False,1,I-580 W/B,,,2/20/2019 12:11:48 PM,B,W,45.0,Hollis St,F,,D,2/20/2019 12:12:46 PM,2/20/2019 12:12:46 PM,,True,2,,,,,,,