collision-id,report-number,report-version,is-preliminary,ncic-code,crash-date-time,crash-time-description,beat,city-id,city-code,city-name,county-code,city-is-active,city-is-incorporated,collision-type-code,collision-type-description,collision-type-other-desc,day-of-week,dispatch-notified,has-photographs,hit-run,is-attachments-mailed,is-deleted,is-highway-related,is-tow-away,judicial-district,motor-vehicle-involved-with-code,motor-vehicle-involved-with-desc,motor-vehicle-involved-with-other-desc,number-injured,number-killed,weather-1,weather-2,road-condition-1,road-condition-2,special-condition-lighting-code,lighting-description,latitude,longitude,milepost-direction,milepost-distance,milepost-marker,milepost-unit-of-measure,pedestrian-action-code,pedestrian-action-desc,prepared-date,primary-collision-factor-code,primary-collision-factor-violation,primary-collision-factor-is-cited,primary-collision-party-number,primary-road,reporting-district,reporting-district-code,reviewed-date,roadway-surface-code,secondary-direction,secondary-distance,secondary-road,secondary-unit-of-measure,sketch-desc,traffic-control-device-code,created-date,modified-date,is-county-road,is-freeway,chp-555-version,is-additonal-object-struck,notification-date,notification-time-description,has-digital-media-files,evidence-number,is-location-refer-to-narrative,is-aoi-one-same-as-location
1009026,9370-2019-02084,1,False,9370,6/11/2019 7:40:00 PM,1940,054,14,109,Oakland,1,True,True,E,HIT OBJECT,,Tuesday,Yes,False,,,False,True,True,Oakland Superior,I,FIXED OBJECT,CONCRETE WALL,1,0,CLEAR,,NO UNUSUAL CONDITIONS,,A,DAYLIGHT,37.810894,-122.249427,,,,,A,NO PEDESTRIANS INVOLVED,6/11/2019 12:00:00 AM,A,22107,False,1,I-580 E/B,,,6/13/2019 12:21:00 AM,A,W,250.0,Grand Ave,F,,D,6/13/2019 12:22:52 AM,6/13/2019 12:22:52 AM,,True,2,,,,,,,
1008986,9370-2019-02046,1,False,9370,6/8/2019 1:00:00 AM,100,176,14,109,Oakland,1,True,True,E,HIT OBJECT,,Saturday,NotApplicable,False,,,False,True,True,Oakland Superior,I,FIXED OBJECT,CEMENT WALL,1,0,CLEAR,,NO UNUSUAL CONDITIONS,,D,DARK-NO STREET LIGHTS,37.76978,-122.221056,,,,,A,NO PEDESTRIANS INVOLVED,6/8/2019 12:00:00 AM,A,23152(a),True,1,I-880 N/B,,,6/12/2019 5:44:22 PM,A,N,280.0,42nd Ave,F,,D,6/12/2019 5:46:43 PM,6/12/2019 5:46:43 PM,,True,2,,,,,,,
1008973,9370-2019-02083,1,False,9370,6/11/2019 5:10:00 PM,1710,055,14,109,Oakland,1,True,True,C,REAR END,,Tuesday,NotApplicable,False,,,False,True,False,Oakland Superior,C,OTHER MOTOR VEHICLE,,0,0,CLEAR,,NO UNUSUAL CONDITIONS,,A,DAYLIGHT,37.826058,-122.275825,,,,,A,NO PEDESTRIANS INVOLVED,6/11/2019 12:00:00 AM,A,22350,False,1,I-580 E/B,,,6/12/2019 5:12:46 PM,A,W,150.0,Market St,F,,D,6/12/2019 5:13:40 PM,6/12/2019 5:13:40 PM,,True,2,,,,,,,
1008921,9370-2019-02044,1,False,9370,6/7/2019 4:45:00 PM,1645,013,14,109,Oakland,1,True,True,C,REAR END,,Friday,NotApplicable,False,M,,False,True,False,Oakland Superior,C,OTHER MOTOR VEHICLE,,0,0,CLEAR,,NO UNUSUAL CONDITIONS,,A,DAYLIGHT,37.782509,-122.177775,,,,,A,NO PEDESTRIANS INVOLVED,6/7/2019 12:00:00 AM,A,22350,False,1,SR-13 S/B TO I-580 E/B,,,6/12/2019 3:48:10 PM,A,S,450.0,Calaveras Ave,F,,D,6/12/2019 3:49:44 PM,6/12/2019 3:49:44 PM,,True,2,,,,,,,
1008907,9370-2019-01936,1,False,9370,5/18/2019 2:30:00 PM,1430,013,14,109,Oakland,1,True,True,B,SIDE SWIPE,,Saturday,NotApplicable,False,,,False,True,False,Oakland Superior,C,OTHER MOTOR VEHICLE,,0,0,CLEAR,,NO UNUSUAL CONDITIONS,,Counter ReportA,DAYLIGHT,37.84534,-122.27108,,,,,A,NO PEDESTRIANS INVOLVED,5/18/2019 12:00:00 AM,A,22350,False,1,SR-13 N/B,,,6/12/2019 3:39:02 PM,A,S,1021.0,Broadway,F,,D,6/12/2019 3:40:10 PM,6/12/2019 3:40:10 PM,,True,2,,,,,,,
1008893,9370-2019-02040,1,False,9370,6/7/2019 3:50:00 PM,1550,177,14,109,Oakland,1,True,True,C,REAR END,,Friday,NotApplicable,False,,,False,True,False,Oakland Superior,C,OTHER MOTOR VEHICLE,,0,0,CLEAR,,NO UNUSUAL CONDITIONS,,A,DAYLIGHT,37.471195,-122.144657,,,,,A,NO PEDESTRIANS INVOLVED,6/7/2019 12:00:00 AM,A,22350,False,2,I-880 S/B,,,6/12/2019 3:21:44 PM,A,N,957.0,16th Avenue O/C,F,,D,6/12/2019 3:23:59 PM,6/12/2019 3:23:59 PM,,True,2,,,,,,,
1008797,9370-2019-02088,1,False,9370,5/4/2019 10:38:00 AM,1038,177,14,109,Oakland,1,True,True,B,SIDE SWIPE,,Saturday,NotApplicable,False,M,,False,True,False,Oakland Superior,C,OTHER MOTOR VEHICLE,,0,0,CLEAR,,NO UNUSUAL CONDITIONS,,Counter Report / Late-ReportedA,DAYLIGHT,37.79818,-122.274429,,,,,A,NO PEDESTRIANS INVOLVED,5/4/2019 12:00:00 AM,A,22107 VC,False,1,I-880 S/B,,,6/12/2019 2:22:59 PM,A,S,124.0,Broadway,F,,D,6/12/2019 2:24:16 PM,6/12/2019 2:24:16 PM,,True,2,,,,,,,
1008735,9370-2019-02080,1,False,9370,6/11/2019 12:45:00 PM,1245,024,14,109,Oakland,1,True,True,B,SIDE SWIPE,,Tuesday,NotApplicable,False,,,False,True,False,Oakland Superior,C,OTHER MOTOR VEHICLE,,1,0,IN TUNNEL,,NO UNUSUAL CONDITIONS,,C,DARK-STREET LIGHTS,37.513396,-122.123885,,,,,A,NO PEDESTRIANS INVOLVED,6/11/2019 12:00:00 AM,A,21658(a),False,1,SR-24 E/B,,,6/12/2019 1:50:40 PM,A,W,750.0,EAST EDGE CALDECOTT TUNNEL BORE #1,F,,D,6/12/2019 1:52:01 PM,6/12/2019 1:52:01 PM,,True,2,,,,,,,
1008711,9370-2019-02038,1,False,9370,6/7/2019 1:08:00 PM,1308,177,14,109,Oakland,1,True,True,B,SIDE SWIPE,,Friday,NotApplicable,False,,,False,True,False,Oakland Superior,C,OTHER MOTOR VEHICLE,,0,0,CLEAR,,NO UNUSUAL CONDITIONS,,A,DAYLIGHT,37.47294,-122.15415,,,,,A,NO PEDESTRIANS INVOLVED,6/7/2019 12:00:00 AM,A,21658(a),False,2,I-880 S/B,,,6/12/2019 1:36:50 PM,A,S,1134.0,Oak St,F,,D,6/12/2019 1:37:44 PM,6/12/2019 1:37:44 PM,,True,2,,,,,,,
1008481,9370-2019-02034,1,False,9370,6/7/2019 8:00:00 AM,800,080,14,109,Oakland,1,True,True,C,REAR END,,Friday,NotApplicable,False,,,False,True,False,Oakland Superior,C,OTHER MOTOR VEHICLE,,0,0,CLEAR,,NO UNUSUAL CONDITIONS,,A,DAYLIGHT,37.833657,-122.294823,,,,,A,NO PEDESTRIANS INVOLVED,6/7/2019 12:00:00 AM,A,22350,False,1,I-80 W/B,,,6/12/2019 10:30:01 AM,A,W,1725.0,Powell St,F,,D,6/12/2019 10:31:40 AM,6/12/2019 10:31:40 AM,,True,2,,,,,,,
1008472,9370-2019-02015,1,False,9370,6/5/2019 9:20:00 PM,2120,176,14,109,Oakland,1,True,True,B,SIDE SWIPE,,Wednesday,Yes,False,,,False,True,True,Oakland Superior,C,OTHER MOTOR VEHICLE,,0,0,CLEAR,,NO UNUSUAL CONDITIONS,,D,DARK-NO STREET LIGHTS,37.44579,-122.12142,,,,,A,NO PEDESTRIANS INVOLVED,6/5/2019 12:00:00 AM,A,23152(a),True,1,I-880 N/B,,,6/12/2019 10:22:18 AM,A,S,2006.0,66th Ave,F,,D,6/12/2019 10:24:04 AM,6/12/2019 10:24:04 AM,,True,2,,,,,,,
1008210,9370-2019-02069,1,False,9370,6/10/2019 10:50:00 AM,1050,024,14,109,Oakland,1,True,True,E,HIT OBJECT,,Monday,NotApplicable,False,,,False,True,True,Oakland Superior,I,FIXED OBJECT,ROADWAY EDGE,0,0,CLEAR,,NO UNUSUAL CONDITIONS,,A,DAYLIGHT,37.84999,-122.24083,,,,,A,NO PEDESTRIANS INVOLVED,6/10/2019 12:00:00 AM,A,22107,False,1,SR-24 W/B,,,6/12/2019 7:19:03 AM,A,W,270.0,Golden Gate Ave,F,,D,6/12/2019 7:22:20 AM,6/12/2019 7:22:20 AM,,True,2,,,,,,,
1008179,9370-2019-02082,1,False,9370,6/11/2019 5:25:00 PM,1725,177,14,109,Oakland,1,True,True,C,REAR END,,Tuesday,NotApplicable,False,,,False,True,False,Oakland Superior,C,OTHER MOTOR VEHICLE,,0,0,CLEAR,,NO UNUSUAL CONDITIONS,,A,DAYLIGHT,37.47156,-122.14554,,,,,A,NO PEDESTRIANS INVOLVED,6/11/2019 12:00:00 AM,A,22350,False,1,I-880 S/B,,,6/12/2019 6:56:57 AM,A,N,1345.0,16th Ave,F,,D,6/12/2019 6:57:35 AM,6/12/2019 6:57:35 AM,,True,2,,,,,,,
1008022,9370-2019-02051,1,False,9370,6/8/2019 3:05:00 PM,1505,179,14,109,Oakland,1,True,True,B,SIDE SWIPE,,Saturday,NotApplicable,False,,,False,True,False,Oakland Superior,C,OTHER MOTOR VEHICLE,,0,0,CLEAR,,NO UNUSUAL CONDITIONS,,A,DAYLIGHT,37.8246,-122.304572,,,,,A,NO PEDESTRIANS INVOLVED,6/8/2019 12:00:00 AM,A,21658(a),False,1,I-880 N/B,,,6/11/2019 4:13:02 PM,A,N,1050.0,West Grand Avenue,F,,D,6/11/2019 4:13:46 PM,6/11/2019 4:13:46 PM,,True,2,,,,,,,
1007988,9370-2019-02039,1,False,9370,6/7/2019 12:56:00 PM,1256,178,14,109,Oakland,1,True,True,B,SIDE SWIPE,,Friday,NotApplicable,False,,,False,True,False,Oakland Superior,C,OTHER MOTOR VEHICLE,,0,0,CLEAR,,NO UNUSUAL CONDITIONS,,A,DAYLIGHT,37.481048,-122.171857,,,,,A,NO PEDESTRIANS INVOLVED,6/7/2019 12:00:00 AM,A,21658(a),False,,I-880 S/B,,,6/11/2019 3:24:34 PM,A,N,746.0,Adeline Street,F,,D,6/11/2019 3:25:40 PM,6/11/2019 3:25:40 PM,,True,2,,,,,,,
1007650,9370-2019-02071,1,False,9370,6/10/2019 11:33:00 AM,1133,176,14,109,Oakland,1,True,True,C,REAR END,,Monday,NotApplicable,False,,,False,True,False,Oakland Superior,C,OTHER MOTOR VEHICLE,,0,0,CLEAR,,NO UNUSUAL CONDITIONS,,A,DAYLIGHT,37.730856,-122.187981,,,,,A,NO PEDESTRIANS INVOLVED,6/10/2019 12:00:00 AM,A,22350,False,1,I-880 S/B,,,6/11/2019 11:18:48 AM,A,S,200.0,98th Ave,F,,D,6/11/2019 11:19:56 AM,6/11/2019 11:19:56 AM,,True,2,,,,,,,
1007563,9370-2019-01968,1,False,9370,6/2/2019 12:18:00 PM,1218,178,14,109,Oakland,1,True,True,C,REAR END,,Sunday,NotApplicable,False,M,,False,True,True,Oakland Superior,I,FIXED OBJECT,CONCRETE WALL,0,0,CLEAR,,NO UNUSUAL CONDITIONS,,A,DAYLIGHT,37.802029,-122.296305,,,,,A,NO PEDESTRIANS INVOLVED,6/2/2019 12:00:00 AM,A,22107,False,1,I-880 N/B,,,6/11/2019 10:13:02 AM,A,N,593.0,3rd St,F,,D,6/11/2019 10:15:20 AM,6/11/2019 10:15:20 AM,,True,2,,,,,,,
1007470,9370-2019-02072,1,False,9370,6/10/2019 4:35:00 PM,1635,025,14,109,Oakland,1,True,True,B,SIDE SWIPE,,Monday,NotApplicable,False,,,False,True,False,Oakland Superior,C,OTHER MOTOR VEHICLE,,0,0,CLEAR,,NO UNUSUAL CONDITIONS,,A,DAYLIGHT,37.839785,-122.263849,,,,,A,NO PEDESTRIANS INVOLVED,6/10/2019 12:00:00 AM,A,21658(a) VC,False,1,SR-24 E/B,,,6/11/2019 9:08:54 AM,A,W,280.0,55th St,F,,D,6/11/2019 9:09:32 AM,6/11/2019 9:09:32 AM,,True,2,,,,,,,
1007461,9370-2019-02068,1,False,9370,6/10/2019 5:15:00 AM,515,008,14,109,Oakland,1,True,True,B,SIDE SWIPE,,Monday,NotApplicable,False,,,False,True,False,Oakland Superior,C,OTHER MOTOR VEHICLE,,0,0,CLEAR,,NO UNUSUAL CONDITIONS,,B,DUSK-DAWN,37.493424,-122.180596,,,,,A,NO PEDESTRIANS INVOLVED,6/10/2019 12:00:00 AM,A,21658(a),False,1,I-80 W/B,,,6/11/2019 9:03:02 AM,A,E,2300.0,W. GRAND AVE,F,,D,6/11/2019 9:03:51 AM,6/11/2019 9:03:51 AM,,True,2,,,,,,,
1007442,9370-2019-02074,1,False,9370,5/13/2019 5:05:00 AM,505,008,14,109,Oakland,1,True,True,B,SIDE SWIPE,,Monday,NotApplicable,False,,,False,True,False,Oakland Superior,C,OTHER MOTOR VEHICLE,,0,0,CLEAR,,NO UNUSUAL CONDITIONS,,Counter Report / Late-ReportedB,DUSK-DAWN,37.82494,-122.31273,,,,,A,NO PEDESTRIANS INVOLVED,5/13/2019 12:00:00 AM,A,21658(a),False,1,I-80 W/B,,,6/11/2019 8:48:21 AM,A,E,50.0,Bay bridge toll plaza,F,,D,6/11/2019 8:49:12 AM,6/11/2019 8:49:12 AM,,True,2,,,,,,,
1007245,9370-2019-02029,1,False,9370,6/6/2019 9:22:00 PM,2122,008,14,109,Oakland,1,True,True,B,SIDE SWIPE,,Thursday,NotApplicable,False,M,,False,True,False,Oakland Superior,C,OTHER MOTOR VEHICLE,,0,0,CLOUDY,,NO UNUSUAL CONDITIONS,,C,DARK-STREET LIGHTS,37.49262,-122.184761,,,,,A,NO PEDESTRIANS INVOLVED,6/6/2019 12:00:00 AM,A,21658(a) VC,False,1,I-80 EASTBOUND,,,6/11/2019 4:43:37 AM,A,W,1060.0,WEST GRAND AVENUE OVERCROSSING,F,,D,6/11/2019 5:01:12 AM,6/11/2019 5:01:12 AM,,True,2,,,,,,,
1007242,9370-2019-01977,1,False,9370,6/1/2019 11:10:00 PM,2310,008,14,109,Oakland,1,True,True,C,REAR END,,Saturday,NotApplicable,False,,,False,True,True,Oakland Superior,C,OTHER MOTOR VEHICLE,,0,0,CLEAR,,NO UNUSUAL CONDITIONS,,C,DARK-STREET LIGHTS,37.8286,-122.2937,,,,,A,NO PEDESTRIANS INVOLVED,6/1/2019 12:00:00 AM,A,22350,False,1,I-80 W/B TO I-880 S/B,,,6/11/2019 4:36:22 AM,A,W,3480.0,Powell St,F,,D,6/11/2019 4:37:28 AM,6/11/2019 4:37:28 AM,,True,2,,,,,,,
1007241,9370-2019-01964,1,False,9370,6/2/2019 2:18:00 AM,218,055,14,109,Oakland,1,True,True,B,SIDE SWIPE,,Sunday,Yes,False,,,False,True,True,Oakland Superior,C,OTHER MOTOR VEHICLE,,1,0,CLOUDY,,NO UNUSUAL CONDITIONS,,C,DARK-STREET LIGHTS,37.492892,-122.1672,,,,,A,NO PEDESTRIANS INVOLVED,6/2/2019 12:00:00 AM,A,23152(a),True,1,I-580 E/B TO SR-24 E/B,,,6/11/2019 4:33:04 AM,A,E,450.0,Martin Luther King Jr Way,F,,D,6/11/2019 4:34:03 AM,6/11/2019 4:34:03 AM,,True,2,,,,,,,
1007156,9370-2019-01994,1,False,9370,6/3/2019 9:14:00 PM,2114,053,14,109,Oakland,1,True,True,C,REAR END,,Monday,NotApplicable,False,,,False,True,False,Oakland Superior,C,OTHER MOTOR VEHICLE,,0,0,CLOUDY,,NO UNUSUAL CONDITIONS,,C,DARK-STREET LIGHTS,37.544711,-122.144892,,,,,A,NO PEDESTRIANS INVOLVED,6/3/2019 12:00:00 AM,A,22350,False,1,I-580 W/B,,,6/10/2019 6:02:53 PM,A,E,200.0,COOLIDGE AVENUE,F,,D,6/10/2019 6:03:50 PM,6/10/2019 6:03:50 PM,,True,2,,,,,,,
1007024,9370-2019-01935,1,False,9370,5/30/2019 2:10:00 PM,1410,024,14,109,Oakland,1,True,True,C,REAR END,,Thursday,Yes,False,,,False,True,True,Oakland Superior,C,OTHER MOTOR VEHICLE,,1,0,CLEAR,,NO UNUSUAL CONDITIONS,,A,DAYLIGHT,37.85507,-122.21789,,,,,A,NO PEDESTRIANS INVOLVED,5/30/2019 12:00:00 AM,A,22350,False,1,SR-24 E/B,,,6/10/2019 3:08:09 PM,A,E,150.0,WEST EDGE OF BORE #2,F,,D,6/10/2019 3:09:40 PM,6/10/2019 3:09:40 PM,,True,2,,,,,,,
1006757,9370-2019-01961,1,False,9370,6/1/2019 4:00:00 PM,1600,024,14,109,Oakland,1,True,True,C,REAR END,,Saturday,NotApplicable,False,,,False,True,False,Oakland Superior,C,OTHER MOTOR VEHICLE,,0,0,CLEAR,,NO UNUSUAL CONDITIONS,,A,DAYLIGHT,37.855224,-122.216153,,,,,A,NO PEDESTRIANS INVOLVED,6/1/2019 12:00:00 AM,A,22350,False,1,SR-24 E/B,,,6/10/2019 12:46:10 PM,A,E,200.0,W. EDGE OF CALDECOTT TUNNEL (BORE #2),F,,D,6/10/2019 12:46:55 PM,6/10/2019 12:46:55 PM,,True,2,,,,,,,
1006744,9370-2019-01962,1,False,9370,6/1/2019 5:00:00 PM,1700,025,14,109,Oakland,1,True,True,C,REAR END,,Saturday,NotApplicable,False,,,False,True,False,Oakland Superior,C,OTHER MOTOR VEHICLE,,3,0,CLEAR,,NO UNUSUAL CONDITIONS,,A,DAYLIGHT,37.834802,-122.266259,,,,,A,NO PEDESTRIANS INVOLVED,6/1/2019 12:00:00 AM,A,22350,False,1,SR-24 W/B,,,6/10/2019 12:40:02 PM,A,E,200.0,45th St,F,,D,6/10/2019 12:40:39 PM,6/10/2019 12:40:39 PM,,True,2,,,,,,,
1006361,9370-2019-02066,1,False,9370,6/9/2019 1:30:00 AM,130,081,14,109,Oakland,1,True,True,E,HIT OBJECT,,Sunday,NotApplicable,False,,,False,True,False,Oakland Superior,J,OTHER OBJECT,SAND BARREL,0,0,CLEAR,,NO UNUSUAL CONDITIONS,,D,DARK-NO STREET LIGHTS,37.865957,-122.303008,,,,,A,NO PEDESTRIANS INVOLVED,6/9/2019 12:00:00 AM,A,22107,False,1,I-80 E/B,,,6/10/2019 8:35:01 AM,A,W,625.0,University Ave,F,,D,6/10/2019 8:35:53 AM,6/10/2019 8:35:53 AM,,True,2,,,,,,,
1027277,9370-2019-02392,1,False,9370,7/9/2019 7:31:00 AM,731,013,14,109,Oakland,1,True,True,E,HIT OBJECT,,Tuesday,Yes,False,,,False,True,True,Oakland Superior,I,FIXED OBJECT,METAL/WOOD GUARDRAIL,1,0,CLOUDY,,NO UNUSUAL CONDITIONS,,A,DAYLIGHT,37.79035,-122.18101,,,,,A,NO PEDESTRIANS INVOLVED,7/9/2019 12:00:00 AM,A,22107,False,1,SR-13 N/B,,,7/9/2019 12:35:11 PM,A,S,1330.0,Carson St,F,,D,7/9/2019 12:38:15 PM,7/9/2019 12:38:15 PM,,True,2,,,,,,,
1027230,9370-2019-02349,1,False,9370,6/30/2019 10:35:00 AM,1035,052,14,109,Oakland,1,True,True,C,REAR END,,Sunday,NotApplicable,False,,,False,True,True,Oakland Superior,C,OTHER MOTOR VEHICLE,,0,0,CLEAR,,NO UNUSUAL CONDITIONS,,A,DAYLIGHT,37.75042,-122.15142,,,,,A,NO PEDESTRIANS INVOLVED,6/30/2019 12:00:00 AM,A,22350,False,3,I-580 W/B,,,7/9/2019 12:08:50 PM,A,E,1130.0,98th Ave,F,,D,7/9/2019 12:09:54 PM,7/9/2019 12:09:54 PM,,True,2,,,,,,,
1027108,9370-2019-02314,1,False,9370,7/2/2019 11:45:00 AM,1145,081,14,109,Oakland,1,True,True,C,REAR END,,Tuesday,NotApplicable,False,,,False,True,False,Oakland Superior,C,OTHER MOTOR VEHICLE,,0,0,CLEAR,,NO UNUSUAL CONDITIONS,,A,DAYLIGHT,37.875155,-122.306791,,,,,A,NO PEDESTRIANS INVOLVED,7/2/2019 12:00:00 AM,A,22350,False,1,I-80 W/B FROM GILMAN ST,,,7/9/2019 10:44:50 AM,A,W,1000.0,Gilman St,F,,A,7/9/2019 10:45:42 AM,7/9/2019 10:45:42 AM,,True,2,,,,,,,
1027008,9370-2019-02075,1,False,9370,6/10/2019 12:34:00 PM,1234,055,14,109,Oakland,1,True,True,B,SIDE SWIPE,,Monday,NotApplicable,False,M,,False,True,False,Oakland Superior,C,OTHER MOTOR VEHICLE,,0,0,CLEAR,,NO UNUSUAL CONDITIONS,,A,DAYLIGHT,37.82474,-122.27187,,,,,A,NO PEDESTRIANS INVOLVED,6/10/2019 12:00:00 AM,A,21755,False,2,I-580 E/B FROM WEST ST,,,7/9/2019 9:42:23 AM,A,E,120.0,West St,F,,A,7/9/2019 9:43:09 AM,7/9/2019 9:43:09 AM,,True,2,,,,,,,
1026828,9370-2019-02385,1,False,9370,7/8/2019 3:00:00 PM,1500,024,14,109,Oakland,1,True,True,B,SIDE SWIPE,,Monday,NotApplicable,False,,,False,True,False,Oakland Superior,C,OTHER MOTOR VEHICLE,,0,0,CLEAR,,NO UNUSUAL CONDITIONS,,A,DAYLIGHT,37.8496,-122.223632,,,,,A,NO PEDESTRIANS INVOLVED,7/8/2019 12:00:00 AM,B,UNSAFE MERGE,,1,SR-24 E/B,,,7/9/2019 7:39:22 AM,A,W,415.0,KAY ROAD,F,,D,7/9/2019 7:40:48 AM,7/9/2019 7:40:48 AM,,True,2,,,,,,,
1026757,9370-2019-02348,1,False,9370,7/3/2019 6:30:00 PM,1830,053,14,109,Oakland,1,True,True,C,REAR END,,Wednesday,NotApplicable,False,M,,False,True,False,Oakland Superior,C,OTHER MOTOR VEHICLE,,0,0,CLEAR,,NO UNUSUAL CONDITIONS,,A,DAYLIGHT,37.802981,-122.232034,,,,,A,NO PEDESTRIANS INVOLVED,7/3/2019 12:00:00 AM,A,22350 VC,False,1,I-580 E/B,,,7/9/2019 5:31:08 AM,A,W,250.0,13th Ave,F,,D,7/9/2019 5:32:12 AM,7/9/2019 5:32:12 AM,,True,2,,,,,,,
1026681,9370-2019-02279,1,False,9370,6/29/2019 5:35:00 AM,535,054,14,109,Oakland,1,True,True,E,HIT OBJECT,,Saturday,NotApplicable,False,,,False,True,True,Oakland Superior,I,FIXED OBJECT,CONCRETE WALL,0,0,CLEAR,,NO UNUSUAL CONDITIONS,,B,DUSK-DAWN,37.48275,-122.1424,,,,,A,NO PEDESTRIANS INVOLVED,6/29/2019 12:00:00 AM,A,22107,False,1,I-580 W/B,,,7/8/2019 6:56:35 PM,A,E,600.0,Lake Park Ave,F,,D,7/8/2019 6:57:56 PM,7/8/2019 6:57:56 PM,,True,2,,,,,,,
1026678,9370-2019-02277,1,False,9370,6/28/2019 10:55:00 AM,1055,024,14,109,Oakland,1,True,True,C,REAR END,,Friday,NotApplicable,False,,,False,True,False,Oakland Superior,C,OTHER MOTOR VEHICLE,,0,0,CLEAR,,NO UNUSUAL CONDITIONS,,A,DAYLIGHT,37.50935,-122.15577,,,,,A,NO PEDESTRIANS INVOLVED,6/28/2019 12:00:00 AM,A,22350,False,1,SR-24 W/B,,,7/8/2019 6:34:38 PM,A,W,275.0,52nd St,F,,D,7/8/2019 6:35:39 PM,7/8/2019 6:35:39 PM,,True,2,,,,,,,
1026411,9370-2019-02292,1,False,9370,6/30/2019 2:15:00 PM,1415,025,14,109,Oakland,1,True,True,E,HIT OBJECT,,Sunday,NotApplicable,False,,,False,True,False,Oakland Superior,J,OTHER OBJECT,UNKNOWN OBJECT,0,0,CLEAR,,NO UNUSUAL CONDITIONS,,A,DAYLIGHT,37.844185,-122.253221,,,,,A,NO PEDESTRIANS INVOLVED,6/30/2019 12:00:00 AM,A,23114(a),False,1,SR-24 W/B,,,7/8/2019 1:44:33 PM,A,E,350.0,Forest St,F,,C,7/8/2019 1:45:36 PM,7/8/2019 1:45:36 PM,,True,2,,,,,,,
1026090,9370-2019-02273,1,False,9370,6/29/2019 11:55:00 PM,2355,055,14,109,Oakland,1,True,True,E,HIT OBJECT,,Saturday,NotApplicable,False,,,False,True,False,Oakland Superior,J,OTHER OBJECT,METAL WHEEL,0,0,CLOUDY,,NO UNUSUAL CONDITIONS,,D,DARK-NO STREET LIGHTS,37.82133,-122.257292,,,,,A,NO PEDESTRIANS INVOLVED,6/29/2019 12:00:00 AM,C,,,,I-580 W/B,,,7/8/2019 10:27:23 AM,A,E,815.0,Broadway,F,,D,7/8/2019 10:28:02 AM,7/8/2019 10:28:02 AM,,True,2,,,,,,,
1026003,9335-2019-01450,2,False,9335,7/1/2019 8:30:00 AM,830,081,14,109,Oakland,1,True,True,B,SIDE SWIPE,,Monday,NotApplicable,False,,,False,True,False,Oakland Superior,C,OTHER MOTOR VEHICLE,,0,0,CLEAR,,NO UNUSUAL CONDITIONS,,A,DAYLIGHT,37.824435,-122.31627,,,,,A,NO PEDESTRIANS INVOLVED,7/1/2019 12:00:00 AM,B,UNSAFE MERGE,,,I-80 W/B JEO METERING LIGHTS,,,9/14/2019 7:11:15 AM,A,E,500.0,METERING LIGHTS,F,,D,7/8/2019 9:39:35 AM,9/14/2019 7:11:18 AM,,True,2,,,,,,,
1025980,9335-2019-01424,1,False,9335,7/1/2019 6:00:00 AM,600,081,14,109,Oakland,1,True,True,B,SIDE SWIPE,,Monday,NotApplicable,False,,,False,True,False,Oakland Superior,C,OTHER MOTOR VEHICLE,,0,0,CLOUDY,,NO UNUSUAL CONDITIONS,,A,DAYLIGHT,37.824435,-122.31627,,,,,A,NO PEDESTRIANS INVOLVED,7/1/2019 12:00:00 AM,B,UNSAFE MERGE,,,I-80 W/B JEO METERING LIGHTS,,,7/8/2019 9:30:41 AM,A,E,500.0,METERING LIGHTS,F,,D,7/8/2019 9:32:05 AM,7/8/2019 9:32:05 AM,,True,2,,,,,,,
1025859,9370-2019-02369,1,False,9370,7/6/2019 4:25:00 PM,1625,053,14,109,Oakland,1,True,True,B,SIDE SWIPE,,Saturday,NotApplicable,False,,,False,True,False,Oakland Superior,C,OTHER MOTOR VEHICLE,,0,0,CLEAR,,NO UNUSUAL CONDITIONS,,A,DAYLIGHT,37.473977,-122.122235,,,,,A,NO PEDESTRIANS INVOLVED,7/6/2019 12:00:00 AM,A,21658(a),False,,I-580 E/B,,,7/8/2019 8:31:30 AM,A,W,1120.0,35th Ave,F,,D,7/8/2019 8:32:19 AM,7/8/2019 8:32:19 AM,,True,2,,,,,,,