collision-id,report-number,report-version,is-preliminary,ncic-code,crash-date-time,crash-time-description,beat,city-id,city-code,city-name,county-code,city-is-active,city-is-incorporated,collision-type-code,collision-type-description,collision-type-other-desc,day-of-week,dispatch-notified,has-photographs,hit-run,is-attachments-mailed,is-deleted,is-highway-related,is-tow-away,judicial-district,motor-vehicle-involved-with-code,motor-vehicle-involved-with-desc,motor-vehicle-involved-with-other-desc,number-injured,number-killed,weather-1,weather-2,road-condition-1,road-condition-2,special-condition-lighting-code,lighting-description,latitude,longitude,milepost-direction,milepost-distance,milepost-marker,milepost-unit-of-measure,pedestrian-action-code,pedestrian-action-desc,prepared-date,primary-collision-factor-code,primary-collision-factor-violation,primary-collision-factor-is-cited,primary-collision-party-number,primary-road,reporting-district,reporting-district-code,reviewed-date,roadway-surface-code,secondary-direction,secondary-distance,secondary-road,secondary-unit-of-measure,sketch-desc,traffic-control-device-code,created-date,modified-date,is-county-road,is-freeway,chp-555-version,is-additonal-object-struck,notification-date,notification-time-description,has-digital-media-files,evidence-number,is-location-refer-to-narrative,is-aoi-one-same-as-location
1095167,9370-2019-03620,1,False,9370,9/30/2019 5:50:00 AM,550,176,14,109,Oakland,1,True,True,E,HIT OBJECT,,Monday,Yes,False,,,False,True,True,Oakland Superior,I,FIXED OBJECT,CONCRETE WALL,1,0,RAINING,,NO UNUSUAL CONDITIONS,,D,DARK-NO STREET LIGHTS,37.730736,-122.187866,,,,,A,NO PEDESTRIANS INVOLVED,9/30/2019 12:00:00 AM,A,22107,False,1,I-880 S/B,,,10/10/2019 8:00:07 PM,B,S,350.0,98th Ave,F,,D,10/10/2019 8:01:05 PM,10/10/2019 8:01:05 PM,,True,2,,,,,,,
1095166,9370-2019-03615,1,False,9370,9/30/2019 3:30:00 PM,1530,176,14,109,Oakland,1,True,True,E,HIT OBJECT,,Monday,Yes,False,,,False,True,True,Oakland Superior,I,FIXED OBJECT,CONCRETE WALL,2,0,CLEAR,,NO UNUSUAL CONDITIONS,,A,DAYLIGHT,37.729351,-122.186787,,,,,A,NO PEDESTRIANS INVOLVED,9/30/2019 12:00:00 AM,A,23152(f),True,1,I-880 S/B,,,10/10/2019 7:55:22 PM,A,S,900.0,98th Ave,F,,D,10/10/2019 7:56:52 PM,10/10/2019 7:56:52 PM,,True,2,,,,,,,
1095149,9370-2019-03665,1,False,9370,10/1/2019 5:38:00 PM,1738,053,14,109,Oakland,1,True,True,C,REAR END,,Tuesday,NotApplicable,False,,,False,True,True,Oakland Superior,C,OTHER MOTOR VEHICLE,,0,0,CLEAR,,NO UNUSUAL CONDITIONS,,A,DAYLIGHT,37.79515,-122.207179,,,,,A,NO PEDESTRIANS INVOLVED,10/4/2019 12:00:00 AM,A,22350,False,4,I-580 W/B,,,10/10/2019 6:33:59 PM,A,W,15.0,Maple Ave,F,,D,10/10/2019 6:34:53 PM,10/10/2019 6:34:53 PM,,True,2,,,,,,,
1095139,9370-2019-03625,1,False,9370,9/30/2019 1:52:00 PM,1352,080,14,109,Oakland,1,True,True,B,SIDE SWIPE,,Monday,NotApplicable,False,M,,False,True,False,Oakland Superior,C,OTHER MOTOR VEHICLE,,0,0,CLEAR,,NO UNUSUAL CONDITIONS,,A,DAYLIGHT,37.84126,-122.29702,,,,,A,NO PEDESTRIANS INVOLVED,9/30/2019 12:00:00 AM,A,21658(a),False,1,I-80 E/B,,,10/10/2019 5:43:59 PM,A,E,1000.0,Powell St,F,,D,10/10/2019 5:44:46 PM,10/10/2019 5:44:46 PM,,True,2,,,,,,,
1095136,9370-2019-03557,1,False,9370,9/26/2019 10:35:00 PM,2235,008,14,109,Oakland,1,True,True,C,REAR END,,Thursday,NotApplicable,False,,,False,True,False,Oakland Superior,C,OTHER MOTOR VEHICLE,,0,0,CLEAR,,CONSTRUCTION-REPAIR ZONE,,C,DARK-STREET LIGHTS,37.826812,-122.29651,,,,,A,NO PEDESTRIANS INVOLVED,9/26/2019 12:00:00 AM,A,21658(a),False,1,I-80 E/B,,,10/10/2019 5:38:49 PM,A,E,0.25,WEST GRAND AVENUE O/C,M,,A,10/10/2019 5:39:32 PM,10/10/2019 5:39:32 PM,,True,2,,,,,,,
1094224,9370-2019-03589,1,False,9370,9/28/2019 3:30:00 PM,1530,055,14,109,Oakland,1,True,True,C,REAR END,,Saturday,NotApplicable,False,,,False,True,False,Oakland Superior,C,OTHER MOTOR VEHICLE,,0,0,CLEAR,,NO UNUSUAL CONDITIONS,,A,DAYLIGHT,37.826805,-122.279476,,,,,A,NO PEDESTRIANS INVOLVED,9/28/2019 12:00:00 AM,A,22350,False,1,I-580 E/B,,,10/9/2019 7:23:43 PM,A,W,280.0,San Pablo Ave,F,,D,10/9/2019 7:24:42 PM,10/9/2019 7:24:42 PM,,True,2,,,,,,,
1094223,9370-2019-03679,1,False,9370,10/5/2019 2:10:00 PM,1410,024,14,109,Oakland,1,True,True,B,SIDE SWIPE,,Saturday,NotApplicable,False,,,False,True,True,Oakland Superior,C,OTHER MOTOR VEHICLE,,0,0,CLEAR,,NO UNUSUAL CONDITIONS,,C,DARK-STREET LIGHTS,37.857537,-122.213569,,,,,A,NO PEDESTRIANS INVOLVED,10/5/2019 12:00:00 AM,A,22350,False,1,SR-24 E/B BORE #2 (CALDECOTT TUNNEL),,,10/9/2019 7:19:01 PM,A,E,1400.0,WEST EDGE OF CALDECOTT TUNNEL BORE #2,F,,D,10/9/2019 7:20:46 PM,10/9/2019 7:20:46 PM,,True,2,,,,,,,
1094220,9370-2019-03641,1,False,9370,10/2/2019 5:34:00 PM,1734,055,14,109,Oakland,1,True,True,C,REAR END,,Wednesday,NotApplicable,False,,,False,True,True,Oakland Superior,C,OTHER MOTOR VEHICLE,,2,0,CLEAR,,NO UNUSUAL CONDITIONS,,A,DAYLIGHT,37.828042,-122.266632,,,,,A,NO PEDESTRIANS INVOLVED,10/2/2019 12:00:00 AM,A,22350,False,1,I-580 WB TO SR-24 EB,,,10/9/2019 7:06:37 PM,A,E,400.0,W. MACARTHUR BLVD.,F,,D,10/9/2019 7:07:15 PM,10/9/2019 7:07:15 PM,,True,2,,,,,,,
1094205,9370-2019-03596,1,False,9370,9/29/2019 12:40:00 PM,1240,025,14,109,Oakland,1,True,True,C,REAR END,,Sunday,NotApplicable,False,,,False,True,False,Oakland Superior,C,OTHER MOTOR VEHICLE,,0,0,CLEAR,,NO UNUSUAL CONDITIONS,,A,DAYLIGHT,37.8255,-122.26925,,,,,A,NO PEDESTRIANS INVOLVED,9/29/2019 12:00:00 AM,A,22350,False,1,SR-24 W/B to I-580 W/B,,,10/9/2019 5:38:14 PM,A,W,600.0,W. MacArthur Blvd,F,,D,10/9/2019 5:39:16 PM,10/9/2019 5:39:16 PM,,True,2,,,,,,,
1094117,9370-2019-03570,1,False,9370,9/27/2019 12:45:00 PM,1245,177,14,109,Oakland,1,True,True,C,REAR END,,Friday,NotApplicable,False,,,False,True,False,Oakland Superior,C,OTHER MOTOR VEHICLE,,0,0,CLEAR,,NO UNUSUAL CONDITIONS,,A,DAYLIGHT,37.793948,-122.264479,,,,,A,NO PEDESTRIANS INVOLVED,9/27/2019 12:00:00 AM,A,22350,False,1,I-880 S/B,,,10/9/2019 3:53:06 PM,A,S,720.0,Oak St,F,,D,10/9/2019 3:53:46 PM,10/9/2019 3:53:46 PM,,True,2,,,,,,,
1093395,9370-2019-03558,1,False,9370,9/27/2019 1:00:00 PM,1300,052,14,109,Oakland,1,True,True,C,REAR END,,Friday,NotApplicable,False,,,False,True,True,Oakland Superior,C,OTHER MOTOR VEHICLE,,1,0,CLEAR,,NO UNUSUAL CONDITIONS,,A,DAYLIGHT,37.774433,-122.160034,,,,,A,NO PEDESTRIANS INVOLVED,9/27/2019 12:00:00 AM,A,22350,False,1,I-580 W/B,,,10/9/2019 8:07:17 AM,A,E,1361.0,Edwards Ave,F,,D,10/9/2019 8:09:04 AM,10/9/2019 8:09:04 AM,,True,2,,,,,,,
1093278,9370-2019-03716,1,False,9370,10/8/2019 8:00:00 AM,800,008,14,109,Oakland,1,True,True,B,SIDE SWIPE,,Tuesday,NotApplicable,False,,,False,True,False,Oakland Superior,C,OTHER MOTOR VEHICLE,,0,0,CLEAR,,NO UNUSUAL CONDITIONS,,A,DAYLIGHT,37.8264,-122.30064,,,,,A,NO PEDESTRIANS INVOLVED,10/8/2019 12:00:00 AM,A,21658(a),False,1,I-80 W/B,,,10/9/2019 6:06:19 AM,A,E,1500.0,I-880 N/B,F,,D,10/9/2019 6:06:57 AM,10/9/2019 6:06:57 AM,,True,2,,,,,,,
1093206,9370-2019-03552,1,False,9370,9/26/2019 4:56:00 PM,1656,176,14,109,Oakland,1,True,True,C,REAR END,,Thursday,NotApplicable,False,,,False,True,True,Oakland Superior,C,OTHER MOTOR VEHICLE,,0,0,CLEAR,,NO UNUSUAL CONDITIONS,,A,DAYLIGHT,37.76078,-122.21381,,,,,A,NO PEDESTRIANS INVOLVED,9/26/2019 12:00:00 AM,A,22107,False,1,I-880 N/B,,,10/8/2019 7:25:23 PM,A,S,1200.0,High St,F,,D,10/8/2019 7:26:18 PM,10/8/2019 7:26:18 PM,,True,2,,,,,,,
1093193,9370-2019-03712,1,False,9370,10/7/2019 12:20:00 PM,1220,176,14,109,Oakland,1,True,True,C,REAR END,,Monday,NotApplicable,False,M,,False,True,False,Oakland Superior,C,OTHER MOTOR VEHICLE,,0,0,CLEAR,,NO UNUSUAL CONDITIONS,,A,DAYLIGHT,37.763083,-122.21593,,,,,A,NO PEDESTRIANS INVOLVED,10/7/2019 12:00:00 AM,A,22350,False,1,I-880 N/B,,,10/8/2019 6:40:04 PM,A,S,2300.0,High St,F,,D,10/8/2019 6:40:50 PM,10/8/2019 6:40:50 PM,,True,2,,,,,,,
1093189,9370-2019-03551,1,False,9370,9/26/2019 5:10:00 PM,1710,024,14,109,Oakland,1,True,True,C,REAR END,,Thursday,NotApplicable,False,,,False,True,True,Oakland Superior,C,OTHER MOTOR VEHICLE,,0,0,CLEAR,,NO UNUSUAL CONDITIONS,,A,DAYLIGHT,37.85159,-122.22288,,,,,A,NO PEDESTRIANS INVOLVED,9/26/2019 12:00:00 AM,A,22350,False,2,SR-24 W/B,,,10/8/2019 6:33:39 PM,A,E,290.0,FWY OVERPASS,F,,D,10/8/2019 6:34:20 PM,10/8/2019 6:34:20 PM,,True,2,,,,,,,
1093187,9370-2019-03559,1,False,9370,9/26/2019 7:05:00 PM,1905,055,14,109,Oakland,1,True,True,C,REAR END,,Thursday,NotApplicable,False,,,False,True,False,Oakland Superior,C,OTHER MOTOR VEHICLE,,0,0,CLEAR,,NO UNUSUAL CONDITIONS,,C,DARK-STREET LIGHTS,37.824677,-122.824677,,,,,A,NO PEDESTRIANS INVOLVED,9/26/2019 12:00:00 AM,A,22350,False,2,I-580 E/B,,,10/8/2019 6:27:50 PM,A,W,50.0,Martin Luther King Jr Way,F,,D,10/8/2019 6:28:29 PM,10/8/2019 6:28:29 PM,,True,2,,,,,,,
1093112,9370-2019-03715,1,False,9370,10/8/2019 5:05:00 AM,505,008,14,109,Oakland,1,True,True,B,SIDE SWIPE,,Tuesday,NotApplicable,False,,,False,True,True,Oakland Superior,C,OTHER MOTOR VEHICLE,,1,0,CLEAR,,NO UNUSUAL CONDITIONS,,D,DARK-NO STREET LIGHTS,37.8287,-122.293683,,,,,A,NO PEDESTRIANS INVOLVED,10/8/2019 12:00:00 AM,A,21658(a),False,1,I-80 W/B TO I-580 E/B,,,10/8/2019 3:47:15 PM,A,W,3500.0,Powell St,F,,D,10/8/2019 3:49:56 PM,10/8/2019 3:49:56 PM,,True,2,,,,,,,
1092777,9370-2019-03548,1,False,9370,9/26/2019 10:15:00 AM,1015,177,14,109,Oakland,1,True,True,C,REAR END,,Thursday,NotApplicable,False,,,False,True,True,Oakland Superior,C,OTHER MOTOR VEHICLE,,0,0,CLEAR,,NO UNUSUAL CONDITIONS,,A,DAYLIGHT,37.786596,-122.246052,,,,,A,NO PEDESTRIANS INVOLVED,9/26/2019 12:00:00 AM,A,22350,False,1,I-880 S/B,,,10/8/2019 11:27:14 AM,A,N,490.0,16th Ave,F,,D,10/8/2019 11:27:57 AM,10/8/2019 11:27:57 AM,,True,2,,,,,,,
1092307,9370-2019-03597,1,False,9370,9/28/2019 6:15:00 PM,1815,177,14,109,Oakland,1,True,True,B,SIDE SWIPE,,Saturday,NotApplicable,False,M,,False,True,True,Oakland Superior,C,OTHER MOTOR VEHICLE,,0,0,CLEAR,,NO UNUSUAL CONDITIONS,,A,DAYLIGHT,37.788368,-122.251773,,,,,A,NO PEDESTRIANS INVOLVED,9/28/2019 12:00:00 AM,A,21658(a),False,1,I-880 S/B,,,10/8/2019 5:33:11 AM,A,N,2112.0,16th Ave,F,,D,10/8/2019 5:34:42 AM,10/8/2019 5:34:42 AM,,True,2,,,,,,,
1092282,9370-2019-03524,1,False,9370,9/24/2019 6:00:00 PM,1800,052,14,109,Oakland,1,True,True,B,SIDE SWIPE,,Tuesday,NotApplicable,False,M,,False,True,True,Oakland Superior,C,OTHER MOTOR VEHICLE,,0,0,CLEAR,,NO UNUSUAL CONDITIONS,,A,DAYLIGHT,37.786124,-122.194939,,,,,A,NO PEDESTRIANS INVOLVED,9/24/2019 12:00:00 AM,A,21658(a),False,1,I-580 E/B,,,10/8/2019 4:34:01 AM,A,W,456.0,Macarthur Blvd,F,,D,10/8/2019 4:34:38 AM,10/8/2019 4:34:38 AM,,True,2,,,,,,,
1092257,9370-2019-03601,1,False,9370,9/30/2019 2:33:00 AM,233,098,14,109,Oakland,1,True,True,E,HIT OBJECT,,Monday,Yes,False,,,False,True,True,Oakland Superior,I,FIXED OBJECT,Concrete Barrier,1,0,CLEAR,,NO UNUSUAL CONDITIONS,,D,DARK-NO STREET LIGHTS,37.812913,-122.272851,,,,,A,NO PEDESTRIANS INVOLVED,9/30/2019 12:00:00 AM,A,22107,False,1,I-980 W/B,,,10/7/2019 8:05:24 PM,A,E,320.0,West Grand Avenue,F,,D,10/7/2019 8:08:54 PM,10/7/2019 8:08:54 PM,,True,2,,,,,,,
1092251,9370-2019-03693,1,False,9370,10/6/2019 2:20:00 PM,1420,024,14,109,Oakland,1,True,True,C,REAR END,,Sunday,NotApplicable,False,M,,False,True,True,Oakland Superior,C,OTHER MOTOR VEHICLE,,0,0,CLEAR,,NO UNUSUAL CONDITIONS,,A,DAYLIGHT,37.855949,-122.215291,,,,,A,NO PEDESTRIANS INVOLVED,10/6/2019 12:00:00 AM,A,22350,False,1,SR-24 E/B,,,10/7/2019 7:31:05 PM,A,W,2727.0,THE EAST EDGE BORE #2,F,,D,10/7/2019 7:31:44 PM,10/7/2019 7:31:44 PM,,True,2,,,,,,,
1092188,9370-2019-03694,1,False,9370,10/6/2019 3:50:00 PM,1550,176,14,109,Oakland,1,True,True,C,REAR END,,Sunday,NotApplicable,False,,,False,True,True,Oakland Superior,C,OTHER MOTOR VEHICLE,,0,0,CLEAR,,NO UNUSUAL CONDITIONS,,A,DAYLIGHT,37.46213,-122.13349,,,,,A,NO PEDESTRIANS INVOLVED,10/6/2019 12:00:00 AM,A,22350,False,1,I-880 S/B,,,10/7/2019 4:55:32 PM,A,S,500.0,Fruitvale Ave,F,,D,10/7/2019 4:56:35 PM,10/7/2019 4:56:35 PM,,True,2,,,,,,,
1092151,9370-2019-03676,1,False,9370,10/5/2019 3:45:00 PM,1545,008,14,109,Oakland,1,True,True,C,REAR END,,Saturday,NotApplicable,False,,,False,True,False,Oakland Superior,C,OTHER MOTOR VEHICLE,,0,0,CLEAR,,NO UNUSUAL CONDITIONS,,A,DAYLIGHT,37.825299,-122.306964,,,,,A,NO PEDESTRIANS INVOLVED,10/5/2019 12:00:00 AM,A,22350,False,1,I-80 W/B,,,10/7/2019 4:11:47 PM,A,E,850.0,WEST GRAND AVENUE,F,,D,10/7/2019 4:12:37 PM,10/7/2019 4:12:37 PM,,True,2,,,,,,,
1092147,9370-2019-03654,1,False,9370,10/4/2019 8:10:00 AM,810,052,14,109,Oakland,1,True,True,C,REAR END,,Friday,NotApplicable,False,,,False,True,True,Oakland Superior,C,OTHER MOTOR VEHICLE,,0,0,CLEAR,,NO UNUSUAL CONDITIONS,,A,DAYLIGHT,37.78005,-122.17056,,,,,A,NO PEDESTRIANS INVOLVED,10/4/2019 12:00:00 AM,A,22350,False,1,I-580 W/B,,,10/7/2019 4:04:33 PM,A,E,1100.0,Kuhnle Ave,F,,D,10/7/2019 4:06:45 PM,10/7/2019 4:06:45 PM,,True,2,,,,,,,
1092139,9370-2019-03656,1,False,9370,10/4/2019 11:35:00 AM,1135,013,14,109,Oakland,1,True,True,C,REAR END,,Friday,NotApplicable,False,,,False,True,True,Oakland Superior,C,OTHER MOTOR VEHICLE,,0,0,CLEAR,,NO UNUSUAL CONDITIONS,,A,DAYLIGHT,37.79057,-122.17982,,,,,A,NO PEDESTRIANS INVOLVED,10/4/2019 12:00:00 AM,A,22350,False,1,SR-13 S/B,,,10/7/2019 3:56:46 PM,A,S,1000.0,Carson St,F,,D,10/7/2019 3:58:31 PM,10/7/2019 3:58:31 PM,,True,2,,,,,,,
1092024,9370-2019-03655,1,False,9370,10/4/2019 8:30:00 AM,830,024,14,109,Oakland,1,True,True,C,REAR END,,Friday,NotApplicable,False,,,False,True,False,Oakland Superior,C,OTHER MOTOR VEHICLE,,0,0,CLEAR,,NO UNUSUAL CONDITIONS,,A,DAYLIGHT,37.85629,-122.21718,,,,,A,NO PEDESTRIANS INVOLVED,10/4/2019 12:00:00 AM,A,22350,False,1,SR-24 W/B,,,10/7/2019 2:25:39 PM,A,E,350.0,WEST PORTAL EDGE OF CALDECOTT TUNNEL,F,,D,10/7/2019 2:26:35 PM,10/7/2019 2:26:35 PM,,True,2,,,,,,,
1091934,9370-2019-03575,2,False,9370,9/27/2019 6:45:00 PM,1845,055,14,109,Oakland,1,True,True,C,REAR END,,Friday,NotApplicable,False,,,False,True,True,Oakland Superior,C,OTHER MOTOR VEHICLE,,0,0,CLEAR,,NO UNUSUAL CONDITIONS,,B,DUSK-DAWN,37.826746,-122.278964,,,,,A,NO PEDESTRIANS INVOLVED,9/27/2019 12:00:00 AM,A,22350,False,1,I-580 E/B,,,12/5/2019 12:48:51 PM,A,E,636.0,Peralta St,F,,D,10/7/2019 1:13:14 PM,12/5/2019 12:51:16 PM,,True,2,,,,,,,
1091829,9370-2019-03518,1,False,9370,9/24/2019 10:20:00 AM,1020,053,14,109,Oakland,1,True,True,C,REAR END,,Tuesday,NotApplicable,False,,,False,True,True,Oakland Superior,C,OTHER MOTOR VEHICLE,,0,0,CLEAR,,NO UNUSUAL CONDITIONS,,A,DAYLIGHT,37.79556,-122.208243,,,,,A,NO PEDESTRIANS INVOLVED,9/24/2019 12:00:00 AM,A,22350,True,1,I-580 W/B,,,10/7/2019 11:49:47 AM,A,W,300.0,Maple Ave,F,,D,10/7/2019 11:51:23 AM,10/7/2019 11:51:23 AM,,True,2,,,,,,,
1091744,9370-2019-03535,1,False,9370,9/25/2019 8:30:00 AM,830,055,14,109,Oakland,1,True,True,C,REAR END,,Wednesday,NotApplicable,True,,,False,True,False,Oakland Superior,C,OTHER MOTOR VEHICLE,,0,0,CLEAR,,NO UNUSUAL CONDITIONS,,A,DAYLIGHT,37.827379,-122.284049,,,,,A,NO PEDESTRIANS INVOLVED,9/25/2019 12:00:00 AM,A,21703,False,1,I-580 W/B,,,10/7/2019 11:03:46 AM,A,E,157.0,Hollis St,F,,A,10/7/2019 11:04:37 AM,10/7/2019 11:04:37 AM,,True,2,,,,,,,
1091734,9370-2019-03542,1,False,9370,9/26/2019 12:52:00 AM,52,008,14,109,Oakland,1,True,True,E,HIT OBJECT,,Thursday,Yes,False,,,False,True,True,Oakland Superior,I,FIXED OBJECT,IMPACT ATTENUATOR,1,0,CLEAR,,NO UNUSUAL CONDITIONS,,C,DARK-STREET LIGHTS,37.82849,-122.293629,,,,,A,NO PEDESTRIANS INVOLVED,9/26/2019 12:00:00 AM,A,23152(a),False,1,I-80 W/B to I-580 E/B,,,10/7/2019 10:55:23 AM,A,E,130.0,I-580 W/B TO I-80 W/B,F,,D,10/7/2019 10:56:28 AM,10/7/2019 10:56:28 AM,,True,2,,,,,,,
1091342,9370-2019-03168,1,False,9370,9/3/2019 6:10:00 PM,1810,024,14,109,Oakland,1,True,True,F,OVERTURNED,,Tuesday,NotApplicable,False,M,,False,True,True,Oakland Superior,A,NON-COLLISION,,1,0,CLEAR,,NO UNUSUAL CONDITIONS,,A,DAYLIGHT,37.851829,-122.222517,,,,,A,NO PEDESTRIANS INVOLVED,9/3/2019 12:00:00 AM,A,21658(a),False,1,SR-24 E/B,,,10/6/2019 5:29:55 PM,A,E,300.0,KAY AVENUE,F,,D,10/6/2019 5:30:42 PM,10/6/2019 5:30:42 PM,,True,2,,,,,,,
1091341,9370-2019-03670,1,False,9370,10/4/2019 5:30:00 PM,1730,052,14,109,Oakland,1,True,True,C,REAR END,,Friday,NotApplicable,False,,,False,True,False,Oakland Superior,C,OTHER MOTOR VEHICLE,,0,0,CLEAR,,NO UNUSUAL CONDITIONS,,A,DAYLIGHT,37.774363,-122.160281,,,,,A,NO PEDESTRIANS INVOLVED,10/4/2019 12:00:00 AM,A,22350,False,1,I-580 E/B,,,10/6/2019 5:19:38 PM,A,W,2700.0,Keller Ave,F,,D,10/6/2019 5:23:29 PM,10/6/2019 5:23:29 PM,,True,2,,,,,,,
1091338,9370-2019-03669,1,False,9370,10/4/2019 3:33:00 PM,1533,013,14,109,Oakland,1,True,True,C,REAR END,,Friday,NotApplicable,False,,,False,True,False,Oakland Superior,C,OTHER MOTOR VEHICLE,,0,0,CLEAR,,NO UNUSUAL CONDITIONS,,A,DAYLIGHT,37.796812,-122.184121,,,,,A,NO PEDESTRIANS INVOLVED,10/4/2019 12:00:00 AM,A,22350,False,1,SR-13 S/B,,,10/6/2019 5:12:43 PM,A,S,700.0,Redwood Rd,F,,D,10/6/2019 5:14:02 PM,10/6/2019 5:14:02 PM,,True,2,,,,,,,
1091333,9370-2019-03549,1,False,9370,9/26/2019 5:30:00 AM,530,008,14,109,Oakland,1,True,True,C,REAR END,,Thursday,NotApplicable,False,,,False,True,True,Oakland Superior,C,OTHER MOTOR VEHICLE,,0,0,CLEAR,,NO UNUSUAL CONDITIONS,,C,DARK-STREET LIGHTS,37.824936,-122.309852,,,,,A,NO PEDESTRIANS INVOLVED,9/26/2019 12:00:00 AM,A,22350,False,1,I-80 W/B,,,10/6/2019 3:57:52 PM,A,W,75.0,West Grand Avenue,F,,D,10/6/2019 3:58:29 PM,10/6/2019 3:58:29 PM,,True,2,,,,,,,
1091325,9370-2019-03609,1,False,9370,9/30/2019 12:00:00 PM,1200,008,14,109,Oakland,1,True,True,C,REAR END,,Monday,NotApplicable,False,,,False,True,False,Oakland Superior,C,OTHER MOTOR VEHICLE,,1,0,CLEAR,,NO UNUSUAL CONDITIONS,,A,DAYLIGHT,37.824933,-122.308672,,,,,A,NO PEDESTRIANS INVOLVED,9/30/2019 12:00:00 AM,A,22350,False,1,I-80 W/B,,,10/6/2019 3:26:39 PM,A,E,1500.0,SFOBB TOLL PLAZA,F,,D,10/6/2019 3:27:34 PM,10/6/2019 3:27:34 PM,,True,2,,,,,,,
1091320,9370-2019-03533,1,False,9370,9/25/2019 6:45:00 AM,645,055,14,109,Oakland,1,True,True,C,REAR END,,Wednesday,NotApplicable,False,,,False,True,True,Oakland Superior,C,OTHER MOTOR VEHICLE,,0,0,CLEAR,,NO UNUSUAL CONDITIONS,,A,DAYLIGHT,37.82695,-122.28633,,,,,A,NO PEDESTRIANS INVOLVED,9/25/2019 12:00:00 AM,A,22350,False,1,I-580 W/B,,,10/6/2019 3:04:14 PM,A,W,500.0,Hollis St,F,,A,10/6/2019 3:05:16 PM,10/6/2019 3:05:16 PM,,True,2,,,,,,,
1091311,9370-2019-03581,1,False,9370,9/28/2019 11:15:00 AM,1115,055,14,109,Oakland,1,True,True,B,SIDE SWIPE,,Saturday,NotApplicable,False,,,False,True,False,Oakland Superior,C,OTHER MOTOR VEHICLE,,0,0,CLEAR,,NO UNUSUAL CONDITIONS,,A,DAYLIGHT,37.49362,-122.17173,,,,,A,NO PEDESTRIANS INVOLVED,9/28/2019 12:00:00 AM,B,UNSAFE MERGE,,1,I-580 W/B TO I-80 E/B,,,10/6/2019 1:54:56 PM,A,E,400.0,Mandela Pky,F,,D,10/6/2019 1:56:23 PM,10/6/2019 1:56:23 PM,,True,2,,,,,,,
1091288,9370-2019-03593,1,False,9370,9/28/2019 6:30:00 AM,630,178,14,109,Oakland,1,True,True,C,REAR END,,Saturday,NotApplicable,False,,,False,True,True,Oakland Superior,C,OTHER MOTOR VEHICLE,,0,0,CLEAR,,NO UNUSUAL CONDITIONS,,B,DUSK-DAWN,37.815738,-122.298505,,,,,A,NO PEDESTRIANS INVOLVED,9/28/2019 12:00:00 AM,A,22350,False,1,I-880 N/B TO I-80 W/B,,,10/6/2019 1:06:47 PM,A,S,2200.0,WEST GRAND AVENUE,F,,D,10/6/2019 1:08:26 PM,10/6/2019 1:08:26 PM,,True,2,,,,,,,
1091282,9370-2019-03592,1,False,9370,9/26/2019 10:40:00 AM,1040,176,14,109,Oakland,1,True,True,E,HIT OBJECT,,Thursday,NotApplicable,False,,,False,True,True,Oakland Superior,J,OTHER OBJECT,ARROW BOARDS,1,0,CLEAR,,NO UNUSUAL CONDITIONS,,A,DAYLIGHT,37.774969,-122.232714,,,,,A,NO PEDESTRIANS INVOLVED,9/29/2019 12:00:00 AM,A,22107,False,1,I-880 N/B,,,10/6/2019 12:43:04 PM,A,S,175.0,29th Ave,F,,D,10/6/2019 12:43:57 PM,10/6/2019 12:43:57 PM,,True,2,,,,,,,
1091280,9370-2019-03534,1,False,9370,9/25/2019 11:15:00 AM,1115,176,14,109,Oakland,1,True,True,B,SIDE SWIPE,,Wednesday,NotApplicable,False,,,False,True,False,Oakland Superior,C,OTHER MOTOR VEHICLE,,0,0,CLEAR,,NO UNUSUAL CONDITIONS,,A,DAYLIGHT,37.774563,-122.232287,,,,,A,NO PEDESTRIANS INVOLVED,9/25/2019 12:00:00 AM,A,21658(a),False,1,I-880 S/B,,,10/6/2019 12:35:28 PM,A,S,360.0,29th Ave,F,,D,10/6/2019 12:36:36 PM,10/6/2019 12:36:36 PM,,True,2,,,,,,,