collision-id,report-number,report-version,is-preliminary,ncic-code,crash-date-time,crash-time-description,beat,city-id,city-code,city-name,county-code,city-is-active,city-is-incorporated,collision-type-code,collision-type-description,collision-type-other-desc,day-of-week,dispatch-notified,has-photographs,hit-run,is-attachments-mailed,is-deleted,is-highway-related,is-tow-away,judicial-district,motor-vehicle-involved-with-code,motor-vehicle-involved-with-desc,motor-vehicle-involved-with-other-desc,number-injured,number-killed,weather-1,weather-2,road-condition-1,road-condition-2,special-condition-lighting-code,lighting-description,latitude,longitude,milepost-direction,milepost-distance,milepost-marker,milepost-unit-of-measure,pedestrian-action-code,pedestrian-action-desc,prepared-date,primary-collision-factor-code,primary-collision-factor-violation,primary-collision-factor-is-cited,primary-collision-party-number,primary-road,reporting-district,reporting-district-code,reviewed-date,roadway-surface-code,secondary-direction,secondary-distance,secondary-road,secondary-unit-of-measure,sketch-desc,traffic-control-device-code,created-date,modified-date,is-county-road,is-freeway,chp-555-version,is-additonal-object-struck,notification-date,notification-time-description,has-digital-media-files,evidence-number,is-location-refer-to-narrative,is-aoi-one-same-as-location
1146818,9370-2019-04653,1,False,9370,12/13/2019 7:30:00 PM,1930,008,14,109,Oakland,1,True,True,C,REAR END,,Friday,NotApplicable,False,,,False,True,True,Oakland Superior,C,OTHER MOTOR VEHICLE,,0,0,RAINING,,NO UNUSUAL CONDITIONS,,D,DARK-NO STREET LIGHTS,37.828474,-122.294039,,,,,A,NO PEDESTRIANS INVOLVED,12/13/2019 12:00:00 AM,A,22350,False,1,I-80 E/B,,,12/19/2019 4:32:54 AM,B,W,0.6,Powell St,M,,D,12/19/2019 4:33:31 AM,12/19/2019 4:33:31 AM,,True,2,,,,,,,
1146817,9370-2019-04672,1,False,9370,12/11/2019 9:45:00 PM,2145,008,14,109,Oakland,1,True,True,B,SIDE SWIPE,,Wednesday,NotApplicable,False,,,False,True,False,Oakland Superior,C,OTHER MOTOR VEHICLE,,0,0,CLEAR,,NO UNUSUAL CONDITIONS,,D,DARK-NO STREET LIGHTS,37.49288,-122.184878,,,,,A,NO PEDESTRIANS INVOLVED,12/11/2019 12:00:00 AM,A,21658(a),False,1,I-80 W/B,,,12/19/2019 4:29:13 AM,A,E,50.0,SFOBBTP,F,,D,12/19/2019 4:30:12 AM,12/19/2019 4:30:12 AM,,True,2,,,,,,,
1146695,9370-2019-04528,1,False,9370,12/6/2019 5:00:00 PM,1700,055,14,109,Oakland,1,True,True,C,REAR END,,Friday,NotApplicable,False,,,False,True,False,Oakland Superior,C,OTHER MOTOR VEHICLE,,0,0,CLOUDY,,NO UNUSUAL CONDITIONS,,C,DARK-STREET LIGHTS,37.826548,-122.299734,,,,,A,NO PEDESTRIANS INVOLVED,12/6/2019 12:00:00 AM,A,22350,False,1,I-580 W/B to I-80 W/B,,,12/18/2019 4:30:34 PM,A,E,3100.0,West Grand Avenue,F,,D,12/18/2019 4:31:16 PM,12/18/2019 4:31:16 PM,,True,2,,,,,,,
1146382,9370-2019-04585,1,False,9370,12/10/2019 6:30:00 AM,630,178,14,109,Oakland,1,True,True,B,SIDE SWIPE,,Tuesday,NotApplicable,False,M,,False,True,False,Oakland Superior,C,OTHER MOTOR VEHICLE,,0,0,CLEAR,,NO UNUSUAL CONDITIONS,,B,DUSK-DAWN,37.802968,-122.28733,,,,,A,NO PEDESTRIANS INVOLVED,12/10/2019 12:00:00 AM,A,21658(a),False,1,I-880 N/B,,,12/18/2019 12:49:48 PM,B,S,300.0,Adeline St,F,,D,12/18/2019 12:50:55 PM,12/18/2019 12:50:55 PM,,True,2,,,,,,,
1146285,9370-2019-04616,1,False,9370,12/11/2019 5:32:00 PM,1732,052,14,109,Oakland,1,True,True,C,REAR END,,Wednesday,NotApplicable,False,,,False,True,False,Oakland Superior,C,OTHER MOTOR VEHICLE,,0,0,CLOUDY,,NO UNUSUAL CONDITIONS,,D,DARK-NO STREET LIGHTS,37.75503,-122.1505,,,,,A,NO PEDESTRIANS INVOLVED,12/11/2019 12:00:00 AM,A,22350,False,1,I-580 E/B to GOLF LINKS ROAD,,,12/18/2019 11:41:38 AM,A,W,550.0,Golf Links Rd,F,,D,12/18/2019 11:42:26 AM,12/18/2019 11:42:26 AM,,True,2,,,,,,,
1145771,9370-2019-04704,1,False,9370,12/16/2019 9:30:00 PM,2130,055,14,109,Oakland,1,True,True,B,SIDE SWIPE,,Monday,NotApplicable,False,M,,False,True,False,Oakland Superior,C,OTHER MOTOR VEHICLE,,0,0,CLEAR,,NO UNUSUAL CONDITIONS,,C,DARK-STREET LIGHTS,37.826372,-122.288565,,,,,A,NO PEDESTRIANS INVOLVED,12/16/2019 12:00:00 AM,A,21658(a),False,1,I-580 E/B,,,12/18/2019 1:59:21 AM,A,E,315.0,Mandela Pky,F,,D,12/18/2019 1:59:55 AM,12/18/2019 1:59:55 AM,,True,2,,,,,,,
1145767,9370-2019-04635,1,False,9370,12/12/2019 1:47:00 AM,147,055,14,109,Oakland,1,True,True,E,HIT OBJECT,,Thursday,Yes,False,,,False,True,True,Oakland Superior,J,OTHER OBJECT,CONCRETE BARRIER WALL,0,0,RAINING,,NO UNUSUAL CONDITIONS,,D,DARK-NO STREET LIGHTS,37.82479,-122.26709,,,,,A,NO PEDESTRIANS INVOLVED,12/12/2019 12:00:00 AM,A,23152(a),True,1,I-580 W/B TO SR-24 E/B,,,12/18/2019 12:51:01 AM,B,W,440.0,Telegraph Ave,F,,D,12/18/2019 12:52:11 AM,12/18/2019 12:52:11 AM,,True,2,,,,,,,
1145749,9370-2019-04703,1,False,9370,12/17/2019 5:30:00 PM,1730,013,14,109,Oakland,1,True,True,C,REAR END,,Tuesday,NotApplicable,False,,,False,True,False,Oakland Superior,C,OTHER MOTOR VEHICLE,,0,0,CLEAR,,NO UNUSUAL CONDITIONS,,D,DARK-NO STREET LIGHTS,37.841383,-122.224599,,,,,A,NO PEDESTRIANS INVOLVED,12/17/2019 12:00:00 AM,A,22350,False,1,SR-13 S/B,,,12/17/2019 8:43:16 PM,A,S,220.0,Broadway Ter,F,,D,12/17/2019 8:43:53 PM,12/17/2019 8:43:53 PM,,True,2,,,,,,,
1145743,9370-2019-04044,1,False,9370,10/29/2019 6:30:00 PM,1830,008,14,109,Oakland,1,True,True,C,REAR END,,Tuesday,NotApplicable,False,M,,False,True,False,Oakland Superior,C,OTHER MOTOR VEHICLE,,0,0,CLEAR,,NO UNUSUAL CONDITIONS,,C,DARK-STREET LIGHTS,37.82461,-122.31368,,,,,A,NO PEDESTRIANS INVOLVED,10/29/2019 12:00:00 AM,A,21658(a),False,1,I-80 W/B,,,12/17/2019 8:13:06 PM,A,W,1190.0,west grand avenue,F,,D,12/17/2019 8:14:20 PM,12/17/2019 8:14:20 PM,,True,2,,,,,,,
1145741,9370-2019-04689,1,False,9370,12/16/2019 6:20:00 PM,1820,024,14,109,Oakland,1,True,True,F,OVERTURNED,,Monday,NotApplicable,False,M,,False,True,True,Oakland Superior,A,NON-COLLISION,,0,0,CLEAR,,NO UNUSUAL CONDITIONS,,D,DARK-NO STREET LIGHTS,37.850113,-122.223302,,,,,A,NO PEDESTRIANS INVOLVED,12/16/2019 12:00:00 AM,A,21658(a),False,1,SR-24 E/B,,,12/17/2019 7:37:46 PM,A,W,200.0,Kay St,F,,D,12/17/2019 7:38:29 PM,12/17/2019 7:38:29 PM,,True,2,,,,,,,
1145730,9370-2019-04593,1,False,9370,12/10/2019 2:20:00 PM,1420,055,14,109,Oakland,1,True,True,B,SIDE SWIPE,,Tuesday,Yes,False,M,,False,True,False,Oakland Superior,C,OTHER MOTOR VEHICLE,,0,0,CLOUDY,,NO UNUSUAL CONDITIONS,,A,DAYLIGHT,37.822144,-122.25919,,,,,A,NO PEDESTRIANS INVOLVED,12/10/2019 12:00:00 AM,A,21658(a),False,1,I-580 W/B,,,12/17/2019 7:02:10 PM,A,E,150.0,Broadway,F,,D,12/17/2019 7:02:44 PM,12/17/2019 7:02:44 PM,,True,2,,,,,,,
1145728,9370-2019-04618,1,False,9370,12/10/2019 5:50:00 PM,1750,055,14,109,Oakland,1,True,True,C,REAR END,,Tuesday,NotApplicable,False,,,False,True,True,Oakland Superior,C,OTHER MOTOR VEHICLE,,0,0,RAINING,,NO UNUSUAL CONDITIONS,,D,DARK-NO STREET LIGHTS,37.8179,-122.252894,,,,,A,NO PEDESTRIANS INVOLVED,12/10/2019 12:00:00 AM,A,22350,False,1,I-580 E/B,,,12/17/2019 6:49:23 PM,B,E,500.0,Oakland Ave,F,,D,12/17/2019 6:50:21 PM,12/17/2019 6:50:21 PM,,True,2,,,,,,,
1145702,9370-2019-04603,1,False,9370,12/10/2019 5:30:00 AM,530,008,14,109,Oakland,1,True,True,C,REAR END,,Tuesday,NotApplicable,False,,,False,True,False,Oakland Superior,C,OTHER MOTOR VEHICLE,,0,0,CLOUDY,,NO UNUSUAL CONDITIONS,,C,DARK-STREET LIGHTS,37.824641,-122.313113,,,,,A,NO PEDESTRIANS INVOLVED,12/10/2019 12:00:00 AM,A,21658(a),False,1,I-80 W/B,,,12/17/2019 5:35:20 PM,A,E,100.0,san francisco oakland bay bridge toll,F,,D,12/17/2019 5:36:01 PM,12/17/2019 5:36:01 PM,,True,2,,,,,,,
1145698,9370-2019-04561,1,False,9370,12/9/2019 8:50:00 AM,850,008,14,109,Oakland,1,True,True,B,SIDE SWIPE,,Monday,NotApplicable,False,,,False,True,False,Oakland Superior,C,OTHER MOTOR VEHICLE,,0,0,CLOUDY,,NO UNUSUAL CONDITIONS,,A,DAYLIGHT,37.827179,-122.296735,,,,,A,NO PEDESTRIANS INVOLVED,12/9/2019 12:00:00 AM,A,21658(a),False,1,I-80 W/B,,,12/17/2019 5:25:31 PM,A,E,2705.0,West Grand Avenue Over Crossing,F,,D,12/17/2019 5:26:31 PM,12/17/2019 5:26:31 PM,,True,2,,,,,,,
1145624,9370-2019-04529,1,False,9370,12/6/2019 6:35:00 PM,1835,008,14,109,Oakland,1,True,True,C,REAR END,,Friday,NotApplicable,False,,,False,True,False,Oakland Superior,C,OTHER MOTOR VEHICLE,,0,0,CLOUDY,,NO UNUSUAL CONDITIONS,,C,DARK-STREET LIGHTS,37.824082,-122.311997,,,,,A,NO PEDESTRIANS INVOLVED,12/6/2019 12:00:00 AM,A,22350,False,1,I-80 E/B,,,12/17/2019 3:42:00 PM,B,W,700.0,WEST GRAND AVENUE O/C,F,,D,12/17/2019 3:42:38 PM,12/17/2019 3:42:38 PM,,True,2,,,,,,,
1145605,9335-2019-02734,1,False,9335,12/9/2019 9:30:00 AM,930,082,14,109,Oakland,1,True,True,B,SIDE SWIPE,,Monday,NotApplicable,False,,,False,True,False,Oakland Superior,C,OTHER MOTOR VEHICLE,,0,0,CLOUDY,,NO UNUSUAL CONDITIONS,,Late-ReportedA,DAYLIGHT,37.824035,-122.317547,,,,,A,NO PEDESTRIANS INVOLVED,12/16/2019 12:00:00 AM,A,21658(a),False,1,I-80 W/B,,,12/17/2019 3:26:50 PM,A,W,320.0,The Bay Bridge Toll Plaza,F,,D,12/17/2019 3:27:24 PM,12/17/2019 3:27:24 PM,,True,2,,,,,,,
1145354,9370-2019-04543,1,False,9370,12/8/2019 9:30:00 AM,930,177,14,109,Oakland,1,True,True,E,HIT OBJECT,,Sunday,Yes,False,,,False,True,True,Oakland Superior,I,FIXED OBJECT,ATTENUATOR,1,0,CLEAR,,NO UNUSUAL CONDITIONS,,A,DAYLIGHT,37.781259,-122.238802,,,,,A,NO PEDESTRIANS INVOLVED,12/8/2019 12:00:00 AM,A,22107,False,1,I-880 S/B,,,12/17/2019 12:25:50 PM,A,N,1400.0,23rd Ave,F,,D,12/17/2019 12:26:49 PM,12/17/2019 12:26:49 PM,,True,2,,,,,,,
1145211,9370-2019-04453,1,False,9370,12/1/2019 3:00:00 PM,1500,025,14,109,Oakland,1,True,True,B,SIDE SWIPE,,Sunday,NotApplicable,False,M,,False,True,False,Oakland Superior,C,OTHER MOTOR VEHICLE,,0,0,RAINING,,NO UNUSUAL CONDITIONS,,A,DAYLIGHT,37.122165,-122.16512,,,,,A,NO PEDESTRIANS INVOLVED,12/1/2019 12:00:00 AM,A,21658(a),False,1,SR-24 W/B TO I-580 E/B,,,12/17/2019 10:45:20 AM,B,E,470.0,34th Ave,F,,D,12/17/2019 10:45:56 AM,12/17/2019 10:45:56 AM,,True,2,,,,,,,
1145094,9370-2019-04517,1,False,9370,12/6/2019 6:35:00 AM,635,025,14,109,Oakland,1,True,True,B,SIDE SWIPE,,Friday,NotApplicable,False,,,False,True,True,Oakland Superior,I,FIXED OBJECT,CONCRETE BARRIER WALL,0,0,CLOUDY,,NO UNUSUAL CONDITIONS,,B,DUSK-DAWN,37.824692,-122.268367,,,,,A,NO PEDESTRIANS INVOLVED,12/6/2019 12:00:00 AM,A,22350,False,1,SR-24 W/B,,,12/17/2019 9:32:10 AM,A,E,580.0,34th St,F,,D,12/17/2019 9:35:13 AM,12/17/2019 9:35:13 AM,,True,2,,,,,,,
1144844,9370-2019-04523,1,False,9370,12/6/2019 12:23:00 PM,1223,052,14,109,Oakland,1,True,True,C,REAR END,,Friday,NotApplicable,False,,,False,True,True,Oakland Superior,C,OTHER MOTOR VEHICLE,,1,0,CLOUDY,,NO UNUSUAL CONDITIONS,,A,DAYLIGHT,37.46595,-122.91377,,,,,A,NO PEDESTRIANS INVOLVED,12/6/2019 12:00:00 AM,A,22350,False,1,I-580 E/B,,,12/17/2019 7:16:38 AM,A,W,775.0,Fontaine St,F,,D,12/17/2019 7:17:33 AM,12/17/2019 7:17:33 AM,,True,2,,,,,,,
1144802,9370-2019-04688,1,False,9370,12/16/2019 3:34:00 PM,1534,176,14,109,Oakland,1,True,True,B,SIDE SWIPE,,Monday,NotApplicable,False,M,,False,True,False,Oakland Superior,C,OTHER MOTOR VEHICLE,,0,0,CLEAR,,NO UNUSUAL CONDITIONS,,A,DAYLIGHT,37.46234,-122.13398,,,,,A,NO PEDESTRIANS INVOLVED,12/16/2019 12:00:00 AM,A,21658(a),False,1,I-880 N/B,,,12/17/2019 6:39:49 AM,A,S,50.0,Fruitvale Ave,F,,D,12/17/2019 6:40:31 AM,12/17/2019 6:40:31 AM,,True,2,,,,,,,
1144760,9370-2019-04625,1,False,9370,12/12/2019 7:10:00 AM,710,008,14,109,Oakland,1,True,True,E,HIT OBJECT,,Thursday,NotApplicable,False,,,False,True,True,Oakland Superior,I,FIXED OBJECT,CONCRETE WALL,0,0,RAINING,,NO UNUSUAL CONDITIONS,,A,DAYLIGHT,37.49425,-122.17385,,,,,A,NO PEDESTRIANS INVOLVED,12/12/2019 12:00:00 AM,A,22350,False,1,I-80 E/B,,,12/17/2019 5:09:53 AM,B,W,10.0,I-580 W/B,F,,D,12/17/2019 5:11:06 AM,12/17/2019 5:11:06 AM,,True,2,,,,,,,
1144754,9370-2019-04496,2,False,9370,12/4/2019 9:16:00 PM,2116,052,14,109,Oakland,1,True,True,E,HIT OBJECT,,Wednesday,NotApplicable,False,,,False,True,False,Oakland Superior,I,FIXED OBJECT,CONCRETE BARRIER,0,0,CLEAR,,NO UNUSUAL CONDITIONS,,D,DARK-NO STREET LIGHTS,34.464188,-122.10585,,,,,A,NO PEDESTRIANS INVOLVED,12/4/2019 12:00:00 AM,A,22107,False,1,I-580 W/B,,,1/19/2020 2:58:33 PM,A,E,1900.0,SEMINARY AVENUE,F,,D,12/17/2019 4:25:02 AM,1/19/2020 2:59:02 PM,,True,2,,,,,,,
1144752,9370-2019-04495,1,False,9370,12/4/2019 9:15:00 PM,2115,052,14,109,Oakland,1,True,True,E,HIT OBJECT,,Wednesday,NotApplicable,False,,,False,True,True,Oakland Superior,I,FIXED OBJECT,CONCRETE BARRIER,1,0,CLEAR,,NO UNUSUAL CONDITIONS,,D,DARK-NO STREET LIGHTS,37.77532,-122.16164,,,,,A,NO PEDESTRIANS INVOLVED,12/4/2019 12:00:00 AM,A,22107,False,1,I-580 W/B,,,12/17/2019 4:19:50 AM,A,E,1950.0,Seminary Ave,F,,D,12/17/2019 4:20:34 AM,12/17/2019 4:20:34 AM,,True,2,,,,,,,
1144680,9370-2019-04659,2,False,9370,12/14/2019 2:49:00 PM,1449,176,14,109,Oakland,1,True,True,D,BROADSIDE,,Saturday,NotApplicable,False,M,,False,True,True,Oakland Superior,C,OTHER MOTOR VEHICLE,,0,0,CLOUDY,,NO UNUSUAL CONDITIONS,,A,DAYLIGHT,37.45469,-122.12588,,,,,A,NO PEDESTRIANS INVOLVED,12/14/2019 12:00:00 AM,A,22107,False,1,I-880 S/B,,,12/29/2019 1:39:38 PM,A,S,2190.0,High St,F,,D,12/16/2019 7:03:20 PM,12/29/2019 1:41:06 PM,,True,2,,,,,,,
1144635,9370-2019-04509,1,False,9370,12/5/2019 6:25:00 PM,1825,054,14,109,Oakland,1,True,True,C,REAR END,,Thursday,NotApplicable,False,,,False,True,False,Oakland Superior,C,OTHER MOTOR VEHICLE,,1,0,CLEAR,,NO UNUSUAL CONDITIONS,,C,DARK-STREET LIGHTS,37.808932,-122.24438,,,,,A,NO PEDESTRIANS INVOLVED,12/5/2019 12:00:00 AM,A,22350,False,1,I-580 E/B from Lakeshore Avenue,,,12/16/2019 4:55:58 PM,A,E,710.0,Lakeshore Ave,F,,D,12/16/2019 4:56:44 PM,12/16/2019 4:56:44 PM,,True,2,,,,,,,
1144564,9370-2019-04685,1,False,9370,12/16/2019 8:30:00 AM,830,052,14,109,Oakland,1,True,True,C,REAR END,,Monday,NotApplicable,False,,,False,True,False,Oakland Superior,C,OTHER MOTOR VEHICLE,,2,0,CLEAR,,NO UNUSUAL CONDITIONS,,A,DAYLIGHT,37.778579,-122.169389,,,,,A,NO PEDESTRIANS INVOLVED,12/16/2019 12:00:00 AM,A,22350 VC,False,1,I-580 W/B,,,12/16/2019 3:33:38 PM,A,E,1418.0,KUHNLE AVENUE,F,,D,12/16/2019 3:34:15 PM,12/16/2019 3:34:15 PM,,True,2,,,,,,,
1144340,9370-2019-04574,1,False,9370,12/7/2019 3:25:00 PM,1525,178,14,109,Oakland,1,True,True,B,SIDE SWIPE,,Saturday,Yes,False,F,,False,True,True,Oakland Superior,C,OTHER MOTOR VEHICLE,,1,0,RAINING,,NO UNUSUAL CONDITIONS,,A,DAYLIGHT,37.802304,-122.294449,,,,,A,NO PEDESTRIANS INVOLVED,12/7/2019 12:00:00 AM,A,21658(a) VC,False,1,I-880 N/B,,,12/16/2019 1:16:01 PM,B,N,1700.0,Adeline St,F,,D,12/16/2019 1:17:29 PM,12/16/2019 1:17:29 PM,,True,2,,,,,,,
1144100,9335-2019-02651,1,False,9335,12/6/2019 6:05:00 PM,1805,082,14,109,Oakland,1,True,True,C,REAR END,,Friday,NotApplicable,False,M,,False,True,True,Oakland Superior,C,OTHER MOTOR VEHICLE,,0,0,CLOUDY,,NO UNUSUAL CONDITIONS,,C,DARK-STREET LIGHTS,37.824507,-122.314808,,,,,A,NO PEDESTRIANS INVOLVED,12/6/2019 12:00:00 AM,A,22350,False,1,I-80 W/B,,,12/16/2019 10:37:04 AM,B,E,270.0,METERING LIGHTS,F,,D,12/16/2019 10:37:56 AM,12/16/2019 10:37:56 AM,,True,2,,,,,,,
1143760,9335-2019-02637,1,False,9335,12/5/2019 5:25:00 AM,525,082,14,109,Oakland,1,True,True,D,BROADSIDE,,Thursday,NotApplicable,False,,,False,True,True,Oakland Superior,C,OTHER MOTOR VEHICLE,,1,0,CLEAR,,NO UNUSUAL CONDITIONS,,B,DUSK-DAWN,37.82442,-122.314335,,,,,A,NO PEDESTRIANS INVOLVED,12/5/2019 12:00:00 AM,A,21658(a),False,2,I-80 W/B,,,12/16/2019 5:54:23 AM,A,W,150.0,SFOBB TOLL PLAZA,F,,D,12/16/2019 5:55:03 AM,12/16/2019 5:55:03 AM,,True,2,,,,,,,
1143737,9370-2019-04572,1,False,9370,12/8/2019 2:35:00 AM,235,177,14,109,Oakland,1,True,True,E,HIT OBJECT,,Sunday,Yes,False,,,False,True,True,Oakland Superior,I,FIXED OBJECT,CONCRETE BARRIER WALL,1,0,RAINING,,NO UNUSUAL CONDITIONS,,C,DARK-STREET LIGHTS,37.48795,-122.17382,,,,,A,NO PEDESTRIANS INVOLVED,12/8/2019 12:00:00 AM,A,22350,False,1,I-880 N/B,,,12/16/2019 4:24:42 AM,B,N,1500.0,MARKET STREET,F,,D,12/16/2019 4:25:45 AM,12/16/2019 4:25:45 AM,,True,2,,,,,,,
1143736,9370-2019-04617,1,False,9370,12/11/2019 5:30:00 PM,1730,054,14,109,Oakland,1,True,True,C,REAR END,,Wednesday,NotApplicable,False,,,False,True,True,Oakland Superior,C,OTHER MOTOR VEHICLE,,0,0,CLOUDY,,NO UNUSUAL CONDITIONS,,C,DARK-STREET LIGHTS,37.80757,-122.23959,,,,,A,NO PEDESTRIANS INVOLVED,12/11/2019 12:00:00 AM,A,22350,False,1,I-580 W/B,,,12/16/2019 4:20:48 AM,B,E,900.0,Lake Park Ave,F,,D,12/16/2019 4:21:45 AM,12/16/2019 4:21:45 AM,,True,2,,,,,,,
1143659,9370-2019-04658,1,False,9370,12/14/2019 1:33:00 PM,1333,008,14,109,Oakland,1,True,True,B,SIDE SWIPE,,Saturday,NotApplicable,False,,,False,True,False,Oakland Superior,C,OTHER MOTOR VEHICLE,,1,0,CLEAR,,NO UNUSUAL CONDITIONS,,A,DAYLIGHT,37.825007,-122.313567,,,,,A,NO PEDESTRIANS INVOLVED,12/14/2019 12:00:00 AM,A,21658(a),False,1,I-80 W/B,,,12/15/2019 12:29:36 PM,A,E,70.0,SAN FRANCISCO-OAKLAND BAY BRIDGE TOLL PL,F,,D,12/15/2019 12:30:56 PM,12/15/2019 12:30:56 PM,,True,2,,,,,,,
1143655,9370-2019-04632,1,False,9370,12/12/2019 6:19:00 PM,1819,024,14,109,Oakland,1,True,True,C,REAR END,,Thursday,NotApplicable,False,,,False,True,False,Oakland Superior,C,OTHER MOTOR VEHICLE,,0,0,CLOUDY,,NO UNUSUAL CONDITIONS,,D,DARK-NO STREET LIGHTS,37.854704,-122.21911,,,,,A,NO PEDESTRIANS INVOLVED,12/12/2019 12:00:00 AM,A,22350,False,1,SR-24 W/B,,,12/15/2019 12:04:35 PM,B,W,150.0,WEST EDGE OF THE CALDECOTT TUNNEL BORE#4,F,,D,12/15/2019 12:07:06 PM,12/15/2019 12:07:06 PM,,True,2,,,,,,,
1143654,9370-2019-03172,1,False,9370,9/3/2019 5:50:00 PM,1750,176,14,109,Oakland,1,True,True,C,REAR END,,Tuesday,NotApplicable,False,M,,False,True,True,Oakland Superior,C,OTHER MOTOR VEHICLE,,0,0,CLEAR,,NO UNUSUAL CONDITIONS,,A,DAYLIGHT,37.74385,-122.1995,,,,,A,NO PEDESTRIANS INVOLVED,9/3/2019 12:00:00 AM,A,22350,False,1,I-880 SOUTHBOUND TO HEGENBERGER ROAD,,,12/15/2019 11:59:37 AM,A,N,1200.0,Hegenberger Rd,F,,D,12/15/2019 12:00:14 PM,12/15/2019 12:00:14 PM,,True,2,,,,,,,
1143649,9370-2019-04478,2,False,9370,12/3/2019 9:45:00 AM,945,176,14,109,Oakland,1,True,True,C,REAR END,,Tuesday,Yes,False,,,False,True,True,Oakland Superior,C,OTHER MOTOR VEHICLE,,2,0,CLEAR,,NO UNUSUAL CONDITIONS,,A,DAYLIGHT,37.736891,-122.192971,,,,,A,NO PEDESTRIANS INVOLVED,12/3/2019 12:00:00 AM,D,,,,I-880 N/B,,,12/29/2019 4:13:27 PM,A,S,1600.0,Hegenberger Rd,F,,D,12/15/2019 11:35:53 AM,12/29/2019 4:14:29 PM,,True,2,,,,,,,
1143646,9370-2019-04565,1,False,9370,12/9/2019 7:10:00 AM,710,901,14,109,Oakland,1,True,True,H,OTHER,CROSS ARM/VEH,Monday,NotApplicable,False,,,False,False,False,Oakland Superior,E,PARKED MOTOR VEHICLE,,0,0,CLEAR,,NO UNUSUAL CONDITIONS,,School Bus CollisionA,DAYLIGHT,37.769932,-122.192642,,,,,A,NO PEDESTRIANS INVOLVED,12/9/2019 12:00:00 AM,B,CROSS ARM EXT,,1,SEMINARY AVENUE,,,12/15/2019 11:05:22 AM,A,,,Trask St,,,A,12/15/2019 11:07:16 AM,12/15/2019 11:07:16 AM,,,2,,,,,,,
1143644,9370-2019-04479,1,False,9370,12/3/2019 11:55:00 AM,1155,176,14,109,Oakland,1,True,True,B,SIDE SWIPE,,Tuesday,NotApplicable,False,,,False,True,False,Oakland Superior,C,OTHER MOTOR VEHICLE,,0,0,CLEAR,,NO UNUSUAL CONDITIONS,,A,DAYLIGHT,37.763231,-122.216129,,,,,A,NO PEDESTRIANS INVOLVED,12/3/2019 12:00:00 AM,A,22107,False,1,I-880 N/B,,,12/15/2019 10:46:30 AM,A,S,2180.0,High St,F,,D,12/15/2019 10:47:05 AM,12/15/2019 10:47:05 AM,,True,2,,,,,,,
1143642,9370-2019-04615,1,False,9370,12/11/2019 4:40:00 PM,1640,055,14,109,Oakland,1,True,True,C,REAR END,,Wednesday,NotApplicable,False,,,False,True,True,Oakland Superior,C,OTHER MOTOR VEHICLE,,0,0,CLOUDY,,NO UNUSUAL CONDITIONS,,D,DARK-NO STREET LIGHTS,37.823855,-122.266145,,,,,A,NO PEDESTRIANS INVOLVED,12/11/2019 12:00:00 AM,A,22350,False,1,I-580 W/B,,,12/15/2019 10:32:16 AM,B,W,200.0,Webster Street,F,,D,12/15/2019 10:32:53 AM,12/15/2019 10:32:53 AM,,True,2,,,,,,,
1143640,9370-2019-04631,1,False,9370,12/12/2019 5:55:00 PM,1755,052,14,109,Oakland,1,True,True,C,REAR END,,Thursday,NotApplicable,False,,,False,True,False,Oakland Superior,C,OTHER MOTOR VEHICLE,,0,0,CLOUDY,,NO UNUSUAL CONDITIONS,,D,DARK-NO STREET LIGHTS,37.783975,-122.185033,,,,,A,NO PEDESTRIANS INVOLVED,12/12/2019 12:00:00 AM,A,22350,False,1,I-580 E/B,,,12/15/2019 10:29:34 AM,B,E,815.0,Buell St,F,,D,12/15/2019 10:30:17 AM,12/15/2019 10:30:17 AM,,True,2,,,,,,,