collision-id,report-number,report-version,is-preliminary,ncic-code,crash-date-time,crash-time-description,beat,city-id,city-code,city-name,county-code,city-is-active,city-is-incorporated,collision-type-code,collision-type-description,collision-type-other-desc,day-of-week,dispatch-notified,has-photographs,hit-run,is-attachments-mailed,is-deleted,is-highway-related,is-tow-away,judicial-district,motor-vehicle-involved-with-code,motor-vehicle-involved-with-desc,motor-vehicle-involved-with-other-desc,number-injured,number-killed,weather-1,weather-2,road-condition-1,road-condition-2,special-condition-lighting-code,lighting-description,latitude,longitude,milepost-direction,milepost-distance,milepost-marker,milepost-unit-of-measure,pedestrian-action-code,pedestrian-action-desc,prepared-date,primary-collision-factor-code,primary-collision-factor-violation,primary-collision-factor-is-cited,primary-collision-party-number,primary-road,reporting-district,reporting-district-code,reviewed-date,roadway-surface-code,secondary-direction,secondary-distance,secondary-road,secondary-unit-of-measure,sketch-desc,traffic-control-device-code,created-date,modified-date,is-county-road,is-freeway,chp-555-version,is-additonal-object-struck,notification-date,notification-time-description,has-digital-media-files,evidence-number,is-location-refer-to-narrative,is-aoi-one-same-as-location
3137441,19-027732,2,False,0109,6/2/2019 6:25:00 PM,1825,30X,14,109,Oakland,1,True,True,C,REAR END,,Sunday,,,F,,False,False,False,,C,OTHER MOTOR VEHICLE,,3,0,CLEAR,,NO UNUSUAL CONDITIONS - NO UNUSUAL CONDITIONS,,A,DAYLIGHT,,,,,,,A,NO PEDESTRIANS INVOLVED,,A,22350,,1,INTERNATIONAL BL,2,,,A,E,40.0,73RD AV,F,,D,8/1/2024 9:50:01 AM,2/3/2025 8:36:06 AM,,,2,,,,,,,
3137412,19-019658,2,False,0109,4/20/2019 1:52:00 PM,1352,26X,14,109,Oakland,1,True,True,B,SIDE SWIPE,,Saturday,,,,,False,False,False,,C,OTHER MOTOR VEHICLE,,1,0,CLEAR,,NO UNUSUAL CONDITIONS - NO UNUSUAL CONDITIONS,,A,DAYLIGHT,,,,,,,A,NO PEDESTRIANS INVOLVED,,A,21804,,1,50TH AV,2,,,A,N,200.0,SAN LEANDRO ST,F,,D,8/1/2024 9:49:57 AM,2/3/2025 8:36:05 AM,,,2,,,,,,,
3137367,19-021394,2,False,0109,4/29/2019 8:22:00 PM,2022,34X,14,109,Oakland,1,True,True,D,BROADSIDE,,Monday,,,,,False,False,True,,C,OTHER MOTOR VEHICLE,,1,0,CLEAR,,NO UNUSUAL CONDITIONS - NO UNUSUAL CONDITIONS,,C,DARK-STREET LIGHTS,,,,,,,A,NO PEDESTRIANS INVOLVED,,A,21802A,,1,BANCROFT AV,2,,,A,,,84TH AV,,,A,8/1/2024 9:49:53 AM,2/3/2025 8:36:04 AM,,,2,,,,,,,
3137362,19-020104,2,False,0109,4/23/2019 7:52:00 AM,752,25X,14,109,Oakland,1,True,True,D,BROADSIDE,,Tuesday,,,,,False,False,True,,C,OTHER MOTOR VEHICLE,,1,0,CLEAR,,NO UNUSUAL CONDITIONS - NO UNUSUAL CONDITIONS,,A,DAYLIGHT,,,,,,,A,NO PEDESTRIANS INVOLVED,,A,21801A,,1,CAMPUS DR,2,,,A,,,KELLER AV,,,A,8/1/2024 9:49:53 AM,2/3/2025 8:36:04 AM,,,2,,,,,,,
3137358,19-020905,2,False,0109,4/26/2019 10:49:00 PM,2249,31Y,14,109,Oakland,1,True,True,D,BROADSIDE,,Friday,,,,,False,False,False,,C,OTHER MOTOR VEHICLE,,5,0,CLEAR,,NO UNUSUAL CONDITIONS - NO UNUSUAL CONDITIONS,,C,DARK-STREET LIGHTS,,,,,,,A,NO PEDESTRIANS INVOLVED,,A,21801A,,1,98TH AV,2,,,A,,,BIGGE ST,,,A,8/1/2024 9:49:53 AM,2/3/2025 8:36:04 AM,,,2,,,,,,,
3137354,19-020977,2,False,0109,4/27/2019 12:30:00 PM,1230,16X,14,109,Oakland,1,True,True,,,,Saturday,,,,,False,False,False,,A,NON-COLLISION,,1,0,CLEAR,,,,A,DAYLIGHT,,,,,,,A,NO PEDESTRIANS INVOLVED,,D,,,,PARK BL,1,,,A,,,CHATHAM RD,,,A,8/1/2024 9:49:52 AM,2/3/2025 8:36:04 AM,,,2,,,,,,,
3137351,19-018700,2,False,0109,4/15/2019 1:51:00 PM,1351,10X,14,109,Oakland,1,True,True,G,VEHICLE/PEDESTRAIN,,Monday,,,,,False,False,False,,B,PEDESTRIAN,,1,0,CLOUDY,,NO UNUSUAL CONDITIONS - NO UNUSUAL CONDITIONS,,A,DAYLIGHT,,,,,,,B,CROSSING IN CROSS WALK AT INTERSECTION,,A,21950A,,1,52ND ST,1,,,A,,,MARTIN LUTHER KING JR WY,,,A,8/1/2024 9:49:52 AM,2/3/2025 8:36:04 AM,,,2,,,,,,,
3137346,19-019121,2,False,0109,4/17/2019 2:15:00 PM,1415,03X,14,109,Oakland,1,True,True,G,VEHICLE/PEDESTRAIN,,Wednesday,,,,,False,False,False,,B,PEDESTRIAN,,1,0,CLEAR,,NO UNUSUAL CONDITIONS - NO UNUSUAL CONDITIONS,,A,DAYLIGHT,,,,,,,B,CROSSING IN CROSS WALK AT INTERSECTION,,A,21950A,,1,8TH ST,1,,,A,,,JACKSON ST,,,A,8/1/2024 9:49:52 AM,2/3/2025 8:36:04 AM,,,2,,,,,,,
3137342,19-021210,2,False,0109,4/28/2019 7:08:00 PM,1908,34X,14,109,Oakland,1,True,True,D,BROADSIDE,,Sunday,,,,,False,False,False,,C,OTHER MOTOR VEHICLE,,1,0,CLEAR,,NO UNUSUAL CONDITIONS - NO UNUSUAL CONDITIONS,,B,DUSK-DAWN,,,,,,,A,NO PEDESTRIANS INVOLVED,,A,21802A,,1,CHERRY ST,2,,,A,,,92ND AV,,,A,8/1/2024 9:49:51 AM,2/3/2025 8:36:04 AM,,,2,,,,,,,
3137338,19-021212,2,False,0109,4/28/2019 7:51:00 PM,1951,27X,14,109,Oakland,1,True,True,D,BROADSIDE,,Sunday,,,,,False,False,False,,C,OTHER MOTOR VEHICLE,,1,0,CLEAR,,NO UNUSUAL CONDITIONS - NO UNUSUAL CONDITIONS,,A,DAYLIGHT,,,,,,,A,NO PEDESTRIANS INVOLVED,,A,22450A,,1,48TH AV,2,,,A,,,BANCROFT AV,,,A,8/1/2024 9:49:51 AM,2/3/2025 8:36:03 AM,,,2,,,,,,,
3137334,19-018502,2,False,0109,4/14/2019 2:29:00 PM,1429,03X,14,109,Oakland,1,True,True,G,VEHICLE/PEDESTRAIN,,Sunday,,,,,False,False,False,,E,PARKED MOTOR VEHICLE,,1,0,CLEAR,,NO UNUSUAL CONDITIONS - NO UNUSUAL CONDITIONS,,A,DAYLIGHT,,,,,,,A,NO PEDESTRIANS INVOLVED,,A,22517,,1,14TH ST,1,,,A,E,30.0,WEBSTER ST,F,,A,8/1/2024 9:49:50 AM,2/3/2025 8:36:03 AM,,,2,,,,,,,
3135954,19-027521,2,False,0109,6/1/2019 11:11:00 AM,1111,29X,14,109,Oakland,1,True,True,B,SIDE SWIPE,,Saturday,,,,,False,False,False,,E,PARKED MOTOR VEHICLE,,0,0,CLEAR,,NO UNUSUAL CONDITIONS - NO UNUSUAL CONDITIONS,,A,DAYLIGHT,,,,,,,A,NO PEDESTRIANS INVOLVED,,A,22107,,1,65TH AV,2,,,A,,,MACARTHUR BL,,,D,8/1/2024 9:47:38 AM,2/3/2025 8:35:26 AM,,,2,,,,,,,
3135920,19-025688,2,False,0109,5/22/2019 5:41:00 PM,1741,31Y,14,109,Oakland,1,True,True,D,BROADSIDE,,Wednesday,,,,,False,False,True,,C,OTHER MOTOR VEHICLE,,0,0,CLEAR,,NO UNUSUAL CONDITIONS - NO UNUSUAL CONDITIONS,,A,DAYLIGHT,,,,,,,A,NO PEDESTRIANS INVOLVED,,A,21801A,,1,98TH AV,2,,,A,,,EDES AV,,,A,8/1/2024 9:47:35 AM,2/3/2025 8:35:25 AM,,,2,,,,,,,
3135902,19-018288,2,False,0109,4/13/2019 2:32:00 AM,232,05X,14,109,Oakland,1,True,True,C,REAR END,,Saturday,,,,,False,False,False,,C,OTHER MOTOR VEHICLE,,0,0,CLEAR,,NO UNUSUAL CONDITIONS - NO UNUSUAL CONDITIONS,,C,DARK-STREET LIGHTS,,,,,,,A,NO PEDESTRIANS INVOLVED,,A,22350,,1,W GRAND AV,1,,,A,,,SAN PABLO AV,,,A,8/1/2024 9:47:33 AM,2/3/2025 8:35:24 AM,,,2,,,,,,,
3135899,19-018369,2,False,0109,4/13/2019 3:30:00 PM,1530,34X,14,109,Oakland,1,True,True,C,REAR END,,Saturday,,,,,False,False,False,,D,MOTOR VEHICLE ON OTHER ROADWAY,,0,0,CLEAR,,NO UNUSUAL CONDITIONS - NO UNUSUAL CONDITIONS,,A,DAYLIGHT,,,,,,,A,NO PEDESTRIANS INVOLVED,,A,22350,,1,BANCROFT AV,2,,,A,,,90TH AV,,,A,8/1/2024 9:47:33 AM,2/3/2025 8:35:24 AM,,,2,,,,,,,
3135895,19-018365,2,False,0109,4/13/2019 2:21:00 PM,1421,22X,14,109,Oakland,1,True,True,B,SIDE SWIPE,,Saturday,,,,,False,False,False,,C,OTHER MOTOR VEHICLE,,0,0,CLEAR,,NO UNUSUAL CONDITIONS - NO UNUSUAL CONDITIONS,,A,DAYLIGHT,,,,,,,A,NO PEDESTRIANS INVOLVED,,A,21453C,,1,REDWOOD RD,1,,,A,,,SKYLINE BL,,,A,8/1/2024 9:47:33 AM,2/3/2025 8:35:24 AM,,,2,,,,,,,
3135891,19-017534,2,False,0109,4/9/2019 11:48:00 AM,1148,25X,14,109,Oakland,1,True,True,D,BROADSIDE,,Tuesday,,,,,False,False,False,,C,OTHER MOTOR VEHICLE,,0,0,CLEAR,,NO UNUSUAL CONDITIONS - NO UNUSUAL CONDITIONS,,A,DAYLIGHT,,,,,,,A,NO PEDESTRIANS INVOLVED,,A,21801A,,1,HIGH ST,2,,,A,,,MASTERSON ST,,,A,8/1/2024 9:47:32 AM,2/3/2025 8:35:24 AM,,,2,,,,,,,
3135887,19-017619,2,False,0109,4/9/2019 2:30:00 PM,1430,24X,14,109,Oakland,1,True,True,A,HEAD-ON,,Tuesday,,,,,False,False,False,,H,ANIMAL,,0,0,CLEAR,,NO UNUSUAL CONDITIONS - NO UNUSUAL CONDITIONS,,A,DAYLIGHT,,,,,,,A,NO PEDESTRIANS INVOLVED,,C,,,,BROOKDALE AV,2,,,A,W,50.0,38TH AV,F,,D,8/1/2024 9:47:32 AM,2/3/2025 8:35:24 AM,,,2,,,,,,,
3135883,19-017856,2,False,0109,4/10/2019 7:30:00 PM,1930,29X,14,109,Oakland,1,True,True,B,SIDE SWIPE,,Wednesday,,,M,,False,False,False,,E,PARKED MOTOR VEHICLE,,0,0,CLEAR,,NO UNUSUAL CONDITIONS - NO UNUSUAL CONDITIONS,,C,DARK-STREET LIGHTS,,,,,,,A,NO PEDESTRIANS INVOLVED,,A,21658A,,1,OUTLOOK AV,2,,,A,E,30.0,65TH AV,F,,D,8/1/2024 9:47:32 AM,2/3/2025 8:35:24 AM,,,2,,,,,,,
3135879,19-018813,2,False,0109,4/15/2019 10:53:00 PM,2253,32X,14,109,Oakland,1,True,True,C,REAR END,,Monday,,,M,,False,False,True,,C,OTHER MOTOR VEHICLE,,0,0,RAINING,,NO UNUSUAL CONDITIONS - NO UNUSUAL CONDITIONS,,C,DARK-STREET LIGHTS,,,,,,,A,NO PEDESTRIANS INVOLVED,,A,22107,,1,106TH AV,2,,,B,,,107TH AV,,,D,8/1/2024 9:47:31 AM,2/3/2025 8:35:24 AM,,,2,,,,,,,
3135875,19-016986,2,False,0109,4/6/2019 3:34:00 AM,334,06X,14,109,Oakland,1,True,True,D,BROADSIDE,,Saturday,,,M,,False,False,False,,C,OTHER MOTOR VEHICLE,,0,0,CLEAR,,NO UNUSUAL CONDITIONS - NO UNUSUAL CONDITIONS,,C,DARK-STREET LIGHTS,,,,,,,A,NO PEDESTRIANS INVOLVED,,A,21453A,,1,27TH ST,1,,,A,,,MARTIN LUTHER KING JR WY,,,A,8/1/2024 9:47:31 AM,2/3/2025 8:35:23 AM,,,2,,,,,,,
3135874,19-028208,2,False,0109,6/5/2019 6:52:00 AM,652,23X,14,109,Oakland,1,True,True,D,BROADSIDE,,Wednesday,,,,,False,False,True,,C,OTHER MOTOR VEHICLE,,1,0,CLEAR,,NO UNUSUAL CONDITIONS - NO UNUSUAL CONDITIONS,,A,DAYLIGHT,,,,,,,A,NO PEDESTRIANS INVOLVED,,A,21453A,,1,42ND AV,2,,,A,,,FOOTHILL BL,,,A,8/1/2024 9:47:31 AM,2/3/2025 8:35:24 AM,,,2,,,,,,,
3135871,19-017625,2,False,0109,4/9/2019 6:33:00 PM,1833,06X,14,109,Oakland,1,True,True,C,REAR END,,Tuesday,,,M,,False,False,False,,C,OTHER MOTOR VEHICLE,,0,0,CLEAR,,NO UNUSUAL CONDITIONS - NO UNUSUAL CONDITIONS,,A,DAYLIGHT,,,,,,,A,NO PEDESTRIANS INVOLVED,,C,,,,MARTIN LUTHER KING JR WY,1,,,A,N,80.0,23RD ST,F,,D,8/1/2024 9:47:30 AM,2/3/2025 8:35:23 AM,,,2,,,,,,,
3135868,19-018063,2,False,0109,4/11/2019 9:40:00 PM,2140,25X,14,109,Oakland,1,True,True,D,BROADSIDE,,Thursday,,,,,False,False,False,,C,OTHER MOTOR VEHICLE,,0,0,CLEAR,,NO UNUSUAL CONDITIONS - NO UNUSUAL CONDITIONS,,C,DARK-STREET LIGHTS,,,,,,,A,NO PEDESTRIANS INVOLVED,,A,21453A,,1,FOOTHILL BL,2,,,A,,,HIGH ST,,,A,8/1/2024 9:47:30 AM,2/3/2025 8:35:23 AM,,,2,,,,,,,
3135864,19-019522,2,False,0109,4/19/2019 3:55:00 PM,1555,34X,14,109,Oakland,1,True,True,B,SIDE SWIPE,,Friday,,,M,,False,False,False,,C,OTHER MOTOR VEHICLE,,0,0,CLEAR,,NO UNUSUAL CONDITIONS - NO UNUSUAL CONDITIONS,,A,DAYLIGHT,,,,,,,A,NO PEDESTRIANS INVOLVED,,A,21453A,,1,98TH AV,2,,,A,,,HOLLY ST,,,A,8/1/2024 9:47:30 AM,2/3/2025 8:35:23 AM,,,2,,,,,,,
3135860,19-018985,2,False,0109,4/16/2019 8:56:00 PM,2056,17X,14,109,Oakland,1,True,True,B,SIDE SWIPE,,Tuesday,,,M,,False,False,False,,E,PARKED MOTOR VEHICLE,,0,0,,,NO UNUSUAL CONDITIONS - NO UNUSUAL CONDITIONS,,C,DARK-STREET LIGHTS,,,,,,,A,NO PEDESTRIANS INVOLVED,,A,22107,,1,E 31ST ST,1,,,A,W,20.0,14TH AV,F,,D,8/1/2024 9:47:29 AM,2/3/2025 8:35:23 AM,,,2,,,,,,,
3135857,19-017573,2,False,0109,4/9/2019 2:38:00 PM,1438,27X,14,109,Oakland,1,True,True,D,BROADSIDE,,Tuesday,,,M,,False,False,False,,C,OTHER MOTOR VEHICLE,,0,0,CLEAR,,NO UNUSUAL CONDITIONS - NO UNUSUAL CONDITIONS,,A,DAYLIGHT,,,,,,,A,NO PEDESTRIANS INVOLVED,,A,22450A,,1,BANCROFT AV,2,,,A,,,46TH AV,,,A,8/1/2024 9:47:29 AM,2/3/2025 8:35:23 AM,,,2,,,,,,,
3135856,19-025593,2,False,0109,5/21/2019 7:17:00 PM,1917,23X,14,109,Oakland,1,True,True,B,SIDE SWIPE,,Tuesday,,,M,,False,False,False,,E,PARKED MOTOR VEHICLE,,0,0,CLOUDY,,NO UNUSUAL CONDITIONS - NO UNUSUAL CONDITIONS,,A,DAYLIGHT,,,,,,,A,NO PEDESTRIANS INVOLVED,,A,22107,,1,INTERNATIONAL BL,2,,,B,W,60.0,41ST AV,F,,D,8/1/2024 9:47:29 AM,2/3/2025 8:35:23 AM,,,2,,,,,,,
3135853,19-026858,2,False,0109,5/29/2019 8:30:00 AM,830,27X,14,109,Oakland,1,True,True,B,SIDE SWIPE,,Wednesday,,,,,False,False,True,,E,PARKED MOTOR VEHICLE,,0,0,CLOUDY,,NO UNUSUAL CONDITIONS - NO UNUSUAL CONDITIONS,,A,DAYLIGHT,,,,,,,A,NO PEDESTRIANS INVOLVED,,A,22107,,1,55TH AV,2,,,A,N,1.0,RUTH AV,F,,A,8/1/2024 9:47:28 AM,2/3/2025 8:35:23 AM,,,2,,,,,,,
3135848,19-027169,2,False,0109,5/30/2019 2:47:00 PM,1447,21Y,14,109,Oakland,1,True,True,E,HIT OBJECT,,Thursday,,,,,False,False,False,,I,FIXED OBJECT,,0,0,CLEAR,,NO UNUSUAL CONDITIONS - NO UNUSUAL CONDITIONS,,A,DAYLIGHT,,,,,,,A,NO PEDESTRIANS INVOLVED,,A,22107,,1,FRUITVALE AV,1,,,A,,,HYDE ST,,,D,8/1/2024 9:47:28 AM,2/3/2025 8:35:23 AM,,,2,,,,,,,
3135845,19-025020,2,False,0109,5/19/2019 4:39:00 PM,1639,12X,14,109,Oakland,1,True,True,B,SIDE SWIPE,,Sunday,,,,,False,False,False,,E,PARKED MOTOR VEHICLE,,0,0,CLOUDY,,NO UNUSUAL CONDITIONS - NO UNUSUAL CONDITIONS,,A,DAYLIGHT,,,,,,,A,NO PEDESTRIANS INVOLVED,,A,23152A,,1,CLAREMONT AV,1,,,A,S,400.0,COLLEGE AV,F,,D,8/1/2024 9:47:28 AM,2/3/2025 8:35:23 AM,,,2,,,,,,,
3135802,19-025678,2,False,0109,5/22/2019 3:31:00 PM,1531,19X,14,109,Oakland,1,True,True,H,OTHER,,Wednesday,,,,,False,False,False,,C,OTHER MOTOR VEHICLE,,0,0,CLEAR,,NO UNUSUAL CONDITIONS - NO UNUSUAL CONDITIONS,,A,DAYLIGHT,,,,,,,A,NO PEDESTRIANS INVOLVED,,A,22107A,,1,22ND AV,1,,,A,N,128.0,INTERNATIONAL BL,F,,D,8/1/2024 9:47:24 AM,2/3/2025 8:35:21 AM,,,2,,,,,,,
3135762,19-017354,2,False,0109,4/8/2019 12:02:00 PM,1202,02X,14,109,Oakland,1,True,True,A,HEAD-ON,,Monday,,,,,False,False,False,,C,OTHER MOTOR VEHICLE,,1,0,CLEAR,,NO UNUSUAL CONDITIONS - NO UNUSUAL CONDITIONS,,A,DAYLIGHT,,,,,,,A,NO PEDESTRIANS INVOLVED,,A,22107,,1,ADELINE ST,1,,,A,,,14TH ST,,,A,8/1/2024 9:47:20 AM,2/3/2025 8:35:19 AM,,,2,,,,,,,
3135758,19-016722,2,False,0109,4/4/2019 8:18:00 PM,2018,03X,14,109,Oakland,1,True,True,D,BROADSIDE,,Thursday,,,,,False,False,False,,C,OTHER MOTOR VEHICLE,,1,0,CLEAR,,NO UNUSUAL CONDITIONS - NO UNUSUAL CONDITIONS,,C,DARK-STREET LIGHTS,,,,,,,A,NO PEDESTRIANS INVOLVED,,A,21650,,1,6TH ST,1,,,A,E,10.0,JACKSON ST,F,,A,8/1/2024 9:47:19 AM,2/3/2025 8:35:19 AM,,,2,,,,,,,
3135755,19-024735,2,False,0109,5/17/2019 4:15:00 PM,1615,32X,14,109,Oakland,1,True,True,D,BROADSIDE,,Friday,,,M,,False,False,False,,C,OTHER MOTOR VEHICLE,,1,0,CLEAR,,NO UNUSUAL CONDITIONS - NO UNUSUAL CONDITIONS,,A,DAYLIGHT,,,,,,,A,NO PEDESTRIANS INVOLVED,,A,22450A,,1,105TH AV,2,,,A,,,GRAFFIAN ST,,,A,8/1/2024 9:47:19 AM,2/3/2025 8:35:18 AM,,,2,,,,,,,
3135754,19-017369,2,False,0109,4/8/2019 12:52:00 PM,1252,23X,14,109,Oakland,1,True,True,C,REAR END,,Monday,,,M,,False,False,False,,C,OTHER MOTOR VEHICLE,,1,0,CLEAR,,NO UNUSUAL CONDITIONS - NO UNUSUAL CONDITIONS,,A,DAYLIGHT,,,,,,,A,NO PEDESTRIANS INVOLVED,,A,22350,,1,FOOTHILL BL,2,,,A,W,10.0,44TH AV,F,,D,8/1/2024 9:47:19 AM,2/3/2025 8:35:18 AM,,,2,,,,,,,
3135752,19-027381,2,False,0109,5/31/2019 3:49:00 PM,1549,30X,14,109,Oakland,1,True,True,A,HEAD-ON,,Friday,,,,,False,False,False,,C,OTHER MOTOR VEHICLE,,5,0,CLEAR,,NO UNUSUAL CONDITIONS - NO UNUSUAL CONDITIONS,,A,DAYLIGHT,,,,,,,A,NO PEDESTRIANS INVOLVED,,A,21801A,,1,MACARTHUR BL,2,,,A,,,82ND AV,,,A,8/1/2024 9:47:19 AM,2/3/2025 8:35:18 AM,,,2,,,,,,,
3135750,19-018230,2,False,0109,4/12/2019 5:20:00 PM,1720,26X,14,109,Oakland,1,True,True,C,REAR END,,Friday,,,M,,False,False,False,,C,OTHER MOTOR VEHICLE,,1,0,CLEAR,,NO UNUSUAL CONDITIONS - NO UNUSUAL CONDITIONS,,A,DAYLIGHT,,,,,,,A,NO PEDESTRIANS INVOLVED,,A,22350,,1,SAN LEANDRO ST,2,,,A,W,30.0,69TH AV,F,,A,8/1/2024 9:47:19 AM,2/3/2025 8:35:18 AM,,,2,,,,,,,
3135747,19-018438,2,False,0109,4/14/2019 3:42:00 AM,342,24X,14,109,Oakland,1,True,True,H,OTHER,,Sunday,,,F,,False,False,True,,C,OTHER MOTOR VEHICLE,,2,0,CLEAR,,NO UNUSUAL CONDITIONS - NO UNUSUAL CONDITIONS,,C,DARK-STREET LIGHTS,,,,,,,F,NOT IN ROAD,,A,22450A,,1,GRAY ST,2,,,A,,,35TH AV,,,A,8/1/2024 9:47:18 AM,2/3/2025 8:35:18 AM,,,2,,,,,,,
3135746,19-021897,2,False,0109,5/2/2019 12:58:00 PM,1258,03X,14,109,Oakland,1,True,True,G,VEHICLE/PEDESTRAIN,,Thursday,,,,,False,False,False,,B,PEDESTRIAN,,1,0,CLEAR,,NO UNUSUAL CONDITIONS - NO UNUSUAL CONDITIONS,,A,DAYLIGHT,,,,,,,B,CROSSING IN CROSS WALK AT INTERSECTION,,A,21950A,,1,14TH ST,1,,,A,,,HARRISON ST,,,A,8/1/2024 9:47:18 AM,2/3/2025 8:35:18 AM,,,2,,,,,,,
3135743,19-024944,2,False,0109,5/19/2019 3:12:00 AM,312,04X,14,109,Oakland,1,True,True,E,HIT OBJECT,,Sunday,,,,,False,False,False,,I,FIXED OBJECT,,1,0,CLOUDY,,NO UNUSUAL CONDITIONS - NO UNUSUAL CONDITIONS,,C,DARK-STREET LIGHTS,,,,,,,A,NO PEDESTRIANS INVOLVED,,A,23152A,,1,BROADWAY,1,,,B,N,50.0,21ST ST,F,,A,8/1/2024 9:47:18 AM,2/3/2025 8:35:18 AM,,,2,,,,,,,
3135742,19-019320,2,False,0109,4/18/2019 4:28:00 PM,1628,30X,14,109,Oakland,1,True,True,B,SIDE SWIPE,,Thursday,,,,,False,False,False,,C,OTHER MOTOR VEHICLE,,2,0,CLEAR,,NO UNUSUAL CONDITIONS - NO UNUSUAL CONDITIONS,,A,DAYLIGHT,,,,,,,A,NO PEDESTRIANS INVOLVED,,A,22107,,1,73RD AV,2,,,A,,,HOLLY ST,,,D,8/1/2024 9:47:18 AM,2/3/2025 8:35:18 AM,,,2,,,,,,,
3135738,19-019051,2,False,0109,4/17/2019 8:15:00 AM,815,13X,14,109,Oakland,1,True,True,H,OTHER,,Wednesday,,,,,False,False,False,,G,BICYCLE,,1,0,CLEAR,,NO UNUSUAL CONDITIONS - NO UNUSUAL CONDITIONS,,A,DAYLIGHT,,,,,,,A,NO PEDESTRIANS INVOLVED,,A,22107,,1,TUNNEL RD,1,,,A,W,100.0,RT 13,F,,D,8/1/2024 9:47:17 AM,2/3/2025 8:35:18 AM,,,2,,,,,,,
3135734,19-019093,2,False,0109,4/17/2019 11:35:00 AM,1135,17X,14,109,Oakland,1,True,True,D,BROADSIDE,,Wednesday,,,M,,False,False,False,,G,BICYCLE,,1,0,CLEAR,,NO UNUSUAL CONDITIONS - NO UNUSUAL CONDITIONS,,A,DAYLIGHT,,,,,,,A,NO PEDESTRIANS INVOLVED,,A,21801A,,1,FOOTHILL BL,1,,,A,,,5TH AV,,,A,8/1/2024 9:47:17 AM,2/3/2025 8:35:18 AM,,,2,,,,,,,
3135730,19-019041,2,False,0109,4/17/2019 7:27:00 AM,727,03X,14,109,Oakland,1,True,True,C,REAR END,,Wednesday,,,M,,False,False,False,,G,BICYCLE,,1,0,CLOUDY,,NO UNUSUAL CONDITIONS - NO UNUSUAL CONDITIONS,,A,DAYLIGHT,,,,,,,A,NO PEDESTRIANS INVOLVED,,A,22106,,1,9TH ST,1,,,A,E,55.0,FRANKLIN ST,F,,D,8/1/2024 9:47:17 AM,2/3/2025 8:35:18 AM,,,2,,,,,,,
3135726,19-016263,2,False,0109,4/2/2019 4:50:00 PM,1650,02X,14,109,Oakland,1,True,True,D,BROADSIDE,,Tuesday,,,M,,False,False,False,,C,OTHER MOTOR VEHICLE,,3,0,CLOUDY,,NO UNUSUAL CONDITIONS - NO UNUSUAL CONDITIONS,,A,DAYLIGHT,,,,,,,A,NO PEDESTRIANS INVOLVED,,A,21453A,,1,12TH ST,1,,,A,,,MANDELA PKWY,,,A,8/1/2024 9:47:16 AM,2/3/2025 8:35:18 AM,,,2,,,,,,,
3135371,19-003400,2,False,0109,1/20/2019 9:46:00 PM,2146,32X,14,109,Oakland,1,True,True,C,REAR END,,Sunday,,,,,False,False,False,,C,OTHER MOTOR VEHICLE,,1,0,RAINING,,NO UNUSUAL CONDITIONS - NO UNUSUAL CONDITIONS,,C,DARK-STREET LIGHTS,,,,,,,A,NO PEDESTRIANS INVOLVED,,A,22350,,1,98TH AV,2,,,B,S,15.0,SAN LEANDRO ST,F,,D,8/1/2024 9:46:43 AM,2/3/2025 8:35:08 AM,,,2,,,,,,,
3135363,19-004421,2,False,0109,1/26/2019 9:10:00 AM,910,08X,14,109,Oakland,1,True,True,D,BROADSIDE,,Saturday,,,,,False,False,False,,G,BICYCLE,,1,0,CLEAR,,NO UNUSUAL CONDITIONS - NO UNUSUAL CONDITIONS,,A,DAYLIGHT,,,,,,,E,IN ROAD - INCLUDES SHOULDER,,A,21801A,,1,27TH ST,1,,,A,,,BROADWAY,,,A,8/1/2024 9:46:43 AM,2/3/2025 8:35:08 AM,,,2,,,,,,,
3135352,19-012041,2,False,0109,3/9/2019 11:54:00 PM,2354,04X,14,109,Oakland,1,True,True,C,REAR END,,Saturday,,,M,,False,False,True,,C,OTHER MOTOR VEHICLE,,0,0,RAINING,,NO UNUSUAL CONDITIONS - NO UNUSUAL CONDITIONS,,C,DARK-STREET LIGHTS,,,,,,,A,NO PEDESTRIANS INVOLVED,,A,22350,,1,TELEGRAPH AV,1,,,B,N,150.0,17TH ST,F,,A,8/1/2024 9:46:42 AM,2/3/2025 8:35:08 AM,,,2,,,,,,,
3135329,19-000627,2,False,0109,1/4/2019 4:37:00 PM,1637,26X,14,109,Oakland,1,True,True,C,REAR END,,Friday,,,,,False,False,False,,C,OTHER MOTOR VEHICLE,,2,0,CLEAR,,NO UNUSUAL CONDITIONS - NO UNUSUAL CONDITIONS,,D,DARK-NO STREET LIGHTS,,,,,,,A,NO PEDESTRIANS INVOLVED,,A,22350,,1,71ST AV,2,,,A,,,HERBERT GUICE WY,,,A,8/1/2024 9:46:39 AM,2/3/2025 8:35:07 AM,,,2,,,,,,,
3135287,19-005994,2,False,0109,2/3/2019 10:26:00 PM,2226,24X,14,109,Oakland,1,True,True,A,HEAD-ON,,Sunday,,,M,,False,False,False,,E,PARKED MOTOR VEHICLE,,0,0,RAINING,,NO UNUSUAL CONDITIONS - NO UNUSUAL CONDITIONS,,C,DARK-STREET LIGHTS,,,,,,,A,NO PEDESTRIANS INVOLVED,,A,22350,,1,HARRINGTON AV,2,,,B,N,30.0,SAN JUAN ST,F,,D,8/1/2024 9:46:35 AM,2/3/2025 8:35:06 AM,,,2,,,,,,,
3135283,19-008055,2,False,0109,2/15/2019 3:12:00 PM,1512,16Y,14,109,Oakland,1,True,True,C,REAR END,,Friday,,,,,False,False,False,,C,OTHER MOTOR VEHICLE,,0,0,CLEAR,,NO UNUSUAL CONDITIONS - NO UNUSUAL CONDITIONS,,A,DAYLIGHT,,,,,,,A,NO PEDESTRIANS INVOLVED,,A,22350,,1,BEAUMONT AV,1,,,A,,,CHATHAM AV,,,A,8/1/2024 9:46:35 AM,2/3/2025 8:35:06 AM,,,2,,,,,,,