collision-id,report-number,report-version,is-preliminary,ncic-code,crash-date-time,crash-time-description,beat,city-id,city-code,city-name,county-code,city-is-active,city-is-incorporated,collision-type-code,collision-type-description,collision-type-other-desc,day-of-week,dispatch-notified,has-photographs,hit-run,is-attachments-mailed,is-deleted,is-highway-related,is-tow-away,judicial-district,motor-vehicle-involved-with-code,motor-vehicle-involved-with-desc,motor-vehicle-involved-with-other-desc,number-injured,number-killed,weather-1,weather-2,road-condition-1,road-condition-2,special-condition-lighting-code,lighting-description,latitude,longitude,milepost-direction,milepost-distance,milepost-marker,milepost-unit-of-measure,pedestrian-action-code,pedestrian-action-desc,prepared-date,primary-collision-factor-code,primary-collision-factor-violation,primary-collision-factor-is-cited,primary-collision-party-number,primary-road,reporting-district,reporting-district-code,reviewed-date,roadway-surface-code,secondary-direction,secondary-distance,secondary-road,secondary-unit-of-measure,sketch-desc,traffic-control-device-code,created-date,modified-date,is-county-road,is-freeway,chp-555-version,is-additonal-object-struck,notification-date,notification-time-description,has-digital-media-files,evidence-number,is-location-refer-to-narrative,is-aoi-one-same-as-location
3168796,19-030465,2,False,0109,6/17/2019 8:33:00 AM,833,29,14,109,Oakland,1,True,True,D,BROADSIDE,,Monday,,,,,False,False,False,,C,OTHER MOTOR VEHICLE,,4,0,CLEAR,,NO UNUSUAL CONDITIONS - NO UNUSUAL CONDITIONS,,A,DAYLIGHT,,,,,,,A,NO PEDESTRIANS INVOLVED,,A,21802A,,1,73RD AV,2,,,A,,,AT OUTLOOK AV,,,D,8/1/2024 10:57:31 AM,1/31/2025 11:21:11 AM,,,2,,,,,,,
3168494,19-024150,2,False,0109,5/14/2019 3:40:00 PM,1540,31Y,14,109,Oakland,1,True,True,G,VEHICLE/PEDESTRAIN,,Tuesday,,,M,,False,False,False,,B,PEDESTRIAN,,1,0,CLEAR,,NO UNUSUAL CONDITIONS - NO UNUSUAL CONDITIONS,,A,DAYLIGHT,,,,,,,D,CROSSING - NOT IN CROSSWALK,,A,21954A,,1,HEGENBERGER LOOP,2,,,A,E,240.0,HEGENBERGER RD,F,,D,8/1/2024 10:56:46 AM,1/31/2025 11:20:59 AM,,,2,,,,,,,
3168490,19-025502,2,False,0109,5/21/2019 8:58:00 PM,2058,06X,14,109,Oakland,1,True,True,D,BROADSIDE,,Tuesday,,,F,,False,False,False,,C,OTHER MOTOR VEHICLE,,1,0,CLEAR,,NO UNUSUAL CONDITIONS - NO UNUSUAL CONDITIONS,,C,DARK-STREET LIGHTS,,,,,,,A,NO PEDESTRIANS INVOLVED,,A,21802A,,1,MARKET ST,1,,,A,,,32ND ST,,,D,8/1/2024 10:56:45 AM,1/31/2025 11:20:58 AM,,,2,,,,,,,
3168487,19-024353,2,False,0109,5/15/2019 1:30:00 PM,1330,04X,14,109,Oakland,1,True,True,D,BROADSIDE,,Wednesday,,,,,False,False,False,,C,OTHER MOTOR VEHICLE,,2,0,CLEAR,CLOUDY,NO UNUSUAL CONDITIONS - NO UNUSUAL CONDITIONS,,A,DAYLIGHT,,,,,,,A,NO PEDESTRIANS INVOLVED,,A,21453A,,1,18TH ST,1,,,B,,,BRUSH ST,,,A,8/1/2024 10:56:44 AM,1/31/2025 11:20:58 AM,,,2,,,,,,,
3168483,19-017215,2,False,0109,4/7/2019 4:57:00 PM,1657,23X,14,109,Oakland,1,True,True,G,VEHICLE/PEDESTRAIN,,Sunday,,,F,,False,False,False,,B,PEDESTRIAN,,1,0,CLEAR,,NO UNUSUAL CONDITIONS - NO UNUSUAL CONDITIONS,,A,DAYLIGHT,,,,,,,E,IN ROAD - INCLUDES SHOULDER,,A,22107,,1,42ND AV,2,,,A,,,INTERNATIONAL BL,,,A,8/1/2024 10:56:44 AM,1/31/2025 11:20:58 AM,,,2,,,,,,,
3168473,19-024615,2,False,0109,5/16/2019 11:22:00 PM,2322,23X,14,109,Oakland,1,True,True,C,REAR END,,Thursday,,,,,False,False,False,,E,PARKED MOTOR VEHICLE,,1,0,RAINING,,NO UNUSUAL CONDITIONS - NO UNUSUAL CONDITIONS,,C,DARK-STREET LIGHTS,,,,,,,A,NO PEDESTRIANS INVOLVED,,A,22107,,1,FOOTHILL BL,2,,,B,W,20.0,BRIDGE AV,F,,D,8/1/2024 10:56:42 AM,1/31/2025 11:20:58 AM,,,2,,,,,,,
3168440,19-037645,2,False,0109,7/23/2019 9:30:00 PM,2130,24X,14,109,Oakland,1,True,True,D,BROADSIDE,,Tuesday,,,M,,False,False,False,,C,OTHER MOTOR VEHICLE,,0,0,CLEAR,,NO UNUSUAL CONDITIONS - NO UNUSUAL CONDITIONS,,C,DARK-STREET LIGHTS,,,,,,,A,NO PEDESTRIANS INVOLVED,,A,21802A,,1,42ND AV,2,,,A,,,FOOTHILL BL,,,A,8/1/2024 10:56:37 AM,1/31/2025 11:20:56 AM,,,2,,,,,,,
3168437,19-037653,2,False,0109,7/23/2019 9:31:00 PM,2131,24X,14,109,Oakland,1,True,True,B,SIDE SWIPE,,Tuesday,,,M,,False,False,False,,E,PARKED MOTOR VEHICLE,,0,0,CLEAR,,NO UNUSUAL CONDITIONS - NO UNUSUAL CONDITIONS,,C,DARK-STREET LIGHTS,,,,,,,A,NO PEDESTRIANS INVOLVED,,A,22107,,1,42ND AV,2,,,A,N,300.0,FOOTHILL BL,F,,D,8/1/2024 10:56:36 AM,1/31/2025 11:20:56 AM,,,2,,,,,,,
3167641,19-030167,2,False,0109,6/15/2019 12:15:00 PM,1215,27X,14,109,Oakland,1,True,True,C,REAR END,,Saturday,,,,,False,False,False,,C,OTHER MOTOR VEHICLE,,1,0,CLEAR,,OBSTRUCTION ON ROADWAY* - OBSTRUCTION ON ROADWAY*,,A,DAYLIGHT,,,,,,,A,NO PEDESTRIANS INVOLVED,,B,,,1,INTERNATIONAL BL,2,,,A,W,12.0,44TH AV,F,,D,8/1/2024 10:54:32 AM,1/31/2025 11:20:19 AM,,,2,,,,,,,
3167635,03X,2,False,0109,7/11/2019 11:10:00 AM,1110,03C,14,109,Oakland,1,True,True,B,SIDE SWIPE,,Thursday,,,,,False,False,False,,C,OTHER MOTOR VEHICLE,,0,0,CLEAR,,NO UNUSUAL CONDITIONS - NO UNUSUAL CONDITIONS,,A,DAYLIGHT,,,,,,,A,NO PEDESTRIANS INVOLVED,,B,,,1,7TH ST,1,,,A,W,10.0,WEBSTER ST,F,,A,8/1/2024 10:54:31 AM,1/31/2025 11:20:19 AM,,,2,,,,,,,
3167623,19-034346,2,False,0109,7/7/2019 3:25:00 PM,1525,02X,14,109,Oakland,1,True,True,E,HIT OBJECT,,Sunday,,,,,False,False,False,,I,FIXED OBJECT,,1,0,CLEAR,,OTHER* - OTHER*,,A,DAYLIGHT,,,,,,,A,NO PEDESTRIANS INVOLVED,,B,,,1,7TH ST,1,,,B,W,56.0,FRONTAGE RD,F,,A,8/1/2024 10:54:30 AM,1/31/2025 11:20:19 AM,,,2,,,,,,,
3167619,19-033917,2,False,0109,7/5/2019 2:23:00 AM,223,13X,14,109,Oakland,1,True,True,H,OTHER,,Friday,,,,,False,False,False,,H,ANIMAL,,0,0,CLEAR,,NO UNUSUAL CONDITIONS - NO UNUSUAL CONDITIONS,,D,DARK-NO STREET LIGHTS,,,,,,,A,NO PEDESTRIANS INVOLVED,,C,,,,BROADWAY,1,,,A,N,1.0,GOLDEN GATE WY,M,,D,8/1/2024 10:54:29 AM,1/31/2025 11:20:19 AM,,,2,,,,,,,
3167615,19-026046,2,False,0109,5/24/2019 3:42:00 PM,1542,25Y,14,109,Oakland,1,True,True,D,BROADSIDE,,Friday,,,,,False,False,False,,C,OTHER MOTOR VEHICLE,,0,0,CLEAR,,NO UNUSUAL CONDITIONS - NO UNUSUAL CONDITIONS,,A,DAYLIGHT,,,,,,,A,NO PEDESTRIANS INVOLVED,,A,21802A,,1,MOUNTAIN BL,2,,,A,,,MAYNARD AV,,,A,8/1/2024 10:54:28 AM,1/31/2025 11:20:18 AM,,,2,,,,,,,
3167613,19-034241,2,False,0109,7/6/2019 9:49:00 PM,2149,24X,14,109,Oakland,1,True,True,C,REAR END,,Saturday,,,,,False,False,False,,C,OTHER MOTOR VEHICLE,,0,0,CLEAR,,NO UNUSUAL CONDITIONS - NO UNUSUAL CONDITIONS,,C,DARK-STREET LIGHTS,,,,,,,A,NO PEDESTRIANS INVOLVED,,A,22350,,1,FOOTHILL BL,2,,,A,W,50.0,38TH AV,F,,A,8/1/2024 10:54:28 AM,1/31/2025 11:20:18 AM,,,2,,,,,,,
3167607,19-027007,2,False,0109,5/29/2019 7:53:00 PM,1953,31Y,14,109,Oakland,1,True,True,A,HEAD-ON,,Wednesday,,,M,,False,False,True,,I,FIXED OBJECT,,0,0,CLEAR,,NO UNUSUAL CONDITIONS - NO UNUSUAL CONDITIONS,,A,DAYLIGHT,,,,,,,A,NO PEDESTRIANS INVOLVED,,A,22107,,1,98TH AV,2,,,A,N,34.0,RAILROAD AV,F,,A,8/1/2024 10:54:27 AM,1/31/2025 11:20:18 AM,,,2,,,,,,,
3167603,19-035578,2,False,0109,7/13/2019 10:20:00 PM,2220,03X,14,109,Oakland,1,True,True,H,OTHER,,Saturday,,,,,False,False,False,,C,OTHER MOTOR VEHICLE,,0,0,CLEAR,,NO UNUSUAL CONDITIONS - NO UNUSUAL CONDITIONS,,C,DARK-STREET LIGHTS,,,,,,,A,NO PEDESTRIANS INVOLVED,,B,,,1,10TH ST,1,,,A,W,168.0,WASHINGTON ST,F,,D,8/1/2024 10:54:27 AM,1/31/2025 11:20:17 AM,,,2,,,,,,,
3167210,19-005086,2,False,0109,1/14/2019 8:00:00 PM,2000,18X,14,109,Oakland,1,True,True,B,SIDE SWIPE,,Monday,,,M,,False,False,False,,C,OTHER MOTOR VEHICLE,,0,0,CLEAR,,NO UNUSUAL CONDITIONS - NO UNUSUAL CONDITIONS,,D,DARK-NO STREET LIGHTS,,,,,,,A,NO PEDESTRIANS INVOLVED,,A,21651B,,1,33RD AV,1,,,A,N,60.0,FARNAM ST,F,,D,8/1/2024 10:53:27 AM,1/31/2025 11:19:59 AM,,,2,,,,,,,
3167206,19-005501,2,False,0109,1/31/2019 9:22:00 PM,2122,18Y,14,109,Oakland,1,True,True,B,SIDE SWIPE,,Thursday,,,M,,False,False,False,,C,OTHER MOTOR VEHICLE,,0,0,CLEAR,,NO UNUSUAL CONDITIONS - NO UNUSUAL CONDITIONS,,D,DARK-NO STREET LIGHTS,,,,,,,A,NO PEDESTRIANS INVOLVED,,D,,,,E 32ND ST,1,,,A,,,E 32ND ST 1690,,,D,8/1/2024 10:53:27 AM,1/31/2025 11:19:58 AM,,,2,,,,,,,
3166992,19-022490,2,False,0109,5/6/2019 12:59:00 AM,59,30X,14,109,Oakland,1,True,True,D,BROADSIDE,,Monday,,,,,False,False,False,,C,OTHER MOTOR VEHICLE,,0,0,CLEAR,,NO UNUSUAL CONDITIONS - NO UNUSUAL CONDITIONS,,C,DARK-STREET LIGHTS,,,,,,,A,NO PEDESTRIANS INVOLVED,,A,21453A,,1,SAN LEANDRO BL,2,,,A,,,66TH AV,,,A,8/1/2024 10:52:53 AM,1/31/2025 11:19:50 AM,,,2,,,,,,,
3166944,19-020038,2,False,0109,4/22/2019 8:09:00 PM,2009,15X,14,109,Oakland,1,True,True,C,REAR END,,Monday,,,,,False,False,True,,C,OTHER MOTOR VEHICLE,,0,0,CLEAR,,NO UNUSUAL CONDITIONS - NO UNUSUAL CONDITIONS,,C,DARK-STREET LIGHTS,,,,,,,A,NO PEDESTRIANS INVOLVED,,A,23152A,,1,MACARTHUR BL,1,,,A,W,5.0,PARK BL,F,,A,8/1/2024 10:52:46 AM,1/31/2025 11:19:48 AM,,,2,,,,,,,
3166940,19-016876,2,False,0109,4/5/2019 1:07:00 PM,1307,27Y,14,109,Oakland,1,True,True,D,BROADSIDE,,Friday,,,,,False,False,False,,C,OTHER MOTOR VEHICLE,,0,0,CLOUDY,,NO UNUSUAL CONDITIONS - NO UNUSUAL CONDITIONS,,A,DAYLIGHT,,,,,,,A,NO PEDESTRIANS INVOLVED,,A,23152A,,1,57TH AV,1,,,A,,,E 17TH ST,,,D,8/1/2024 10:52:46 AM,1/31/2025 11:19:48 AM,,,2,,,,,,,
3166936,19-018400,2,False,0109,4/13/2019 8:49:00 PM,2049,30X,14,109,Oakland,1,True,True,G,VEHICLE/PEDESTRAIN,,Saturday,,,M,,False,False,False,,,,,1,0,CLEAR,,NO UNUSUAL CONDITIONS - NO UNUSUAL CONDITIONS,,C,DARK-STREET LIGHTS,,,,,,,B,CROSSING IN CROSS WALK AT INTERSECTION,,A,,,1,ARTHUR ST,2,,,A,,,CHURCH ST,,,A,8/1/2024 10:52:45 AM,1/31/2025 11:19:48 AM,,,2,,,,,,,
3166922,19-020887,2,False,0109,4/26/2019 9:08:00 PM,2108,23X,14,109,Oakland,1,True,True,B,SIDE SWIPE,,Friday,,,,,False,False,True,,E,PARKED MOTOR VEHICLE,,0,0,CLEAR,,NO UNUSUAL CONDITIONS - NO UNUSUAL CONDITIONS,,C,DARK-STREET LIGHTS,,,,,,,A,NO PEDESTRIANS INVOLVED,,A,22107,,1,E 15TH ST,2,,,A,W,10.0,23RD AV,F,,A,8/1/2024 10:52:43 AM,1/31/2025 11:19:47 AM,,,2,,,,,,,
3166918,19-009099,2,False,0109,2/20/2019 7:30:00 PM,1930,25X,14,109,Oakland,1,True,True,G,VEHICLE/PEDESTRAIN,,Wednesday,,,,,False,False,False,,B,PEDESTRIAN,,1,0,CLEAR,,NO UNUSUAL CONDITIONS - NO UNUSUAL CONDITIONS,,C,DARK-STREET LIGHTS,,,,,,,F,NOT IN ROAD,,A,21950B,,1,ALISO AV,2,,,A,,,ANDERSON ST,,,A,8/1/2024 10:52:43 AM,1/31/2025 11:19:47 AM,,,2,,,,,,,
3166917,19-008807,2,False,0109,2/19/2019 7:52:00 PM,1952,34X,14,109,Oakland,1,True,True,H,OTHER,,Tuesday,,,,,False,False,False,,C,OTHER MOTOR VEHICLE,,1,0,CLEAR,,NO UNUSUAL CONDITIONS - NO UNUSUAL CONDITIONS,,C,DARK-STREET LIGHTS,,,,,,,A,NO PEDESTRIANS INVOLVED,,A,21801A,,1,85TH AV,2,,,A,,,INTERNATIONAL BL,,,A,8/1/2024 10:52:43 AM,1/31/2025 11:19:47 AM,,,2,,,,,,,
3163597,19-007380,2,False,0109,2/11/2019 3:41:00 PM,1541,34X,14,109,Oakland,1,True,True,H,OTHER,,Monday,,,,,False,False,True,,A,NON-COLLISION,,0,1,CLEAR,,NO UNUSUAL CONDITIONS - NO UNUSUAL CONDITIONS,,A,DAYLIGHT,,,,,,,A,NO PEDESTRIANS INVOLVED,,A,23152F,,1,86TH AV,2,,,A,S,140.0,OLIVE ST,F,,A,8/1/2024 10:43:45 AM,1/31/2025 11:17:26 AM,,,2,,,,,,,
3163595,19-064788,2,False,0109,12/12/2019 6:34:00 PM,1834,02X,14,109,Oakland,1,True,True,G,VEHICLE/PEDESTRAIN,,Thursday,,,,,False,False,True,,B,PEDESTRIAN,,0,1,CLOUDY,,NO UNUSUAL CONDITIONS - NO UNUSUAL CONDITIONS,,C,DARK-STREET LIGHTS,,,,,,,E,IN ROAD - INCLUDES SHOULDER,,A,21954A,,1,ADELINE ST,1,,,B,N,150.0,7TH ST EXT,F,,D,8/1/2024 10:43:44 AM,1/31/2025 11:17:26 AM,,,2,,,,,,,
3163511,19-035227,2,False,0109,7/11/2019 7:39:00 PM,1939,02X,14,109,Oakland,1,True,True,E,HIT OBJECT,,Thursday,,,,,False,False,True,,I,FIXED OBJECT,,0,1,CLEAR,,NO UNUSUAL CONDITIONS - NO UNUSUAL CONDITIONS,,A,DAYLIGHT,,,,,,,A,NO PEDESTRIANS INVOLVED,,A,22350,,1,7TH ST,1,,,A,E,268.0,BAY ST,F,,A,8/1/2024 10:43:31 AM,1/31/2025 11:17:23 AM,,,2,,,,,,,
3163507,19-009430,2,False,0109,2/22/2019 10:38:00 PM,2238,08X,14,109,Oakland,1,True,True,G,VEHICLE/PEDESTRAIN,,Friday,,,F,,False,False,False,,B,PEDESTRIAN,,0,1,CLEAR,,NO UNUSUAL CONDITIONS - NO UNUSUAL CONDITIONS,,C,DARK-STREET LIGHTS,,,,,,,B,CROSSING IN CROSS WALK AT INTERSECTION,,A,21950A,,1,BROADWAY,1,,,A,S,8.0,24TH ST,F,,D,8/1/2024 10:43:30 AM,1/31/2025 11:17:23 AM,,,2,,,,,,,
3163465,19-057255,2,False,0109,11/2/2019 7:13:00 PM,1913,26Y,14,109,Oakland,1,True,True,D,BROADSIDE,,Saturday,,,,,False,False,True,,C,OTHER MOTOR VEHICLE,,0,1,CLEAR,,NO UNUSUAL CONDITIONS - NO UNUSUAL CONDITIONS,,C,DARK-STREET LIGHTS,,,,,,,A,NO PEDESTRIANS INVOLVED,,A,22350,,1,RUDSDALE ST,2,,,A,E,85.0,80TH AV,F,,D,8/1/2024 10:43:24 AM,1/31/2025 11:17:21 AM,,,2,,,,,,,
3163436,19-023081,2,False,0109,5/8/2019 8:28:00 PM,2028,02Y,14,109,Oakland,1,True,True,D,BROADSIDE,,Wednesday,,,,,False,False,True,,C,OTHER MOTOR VEHICLE,,1,1,CLOUDY,,NO UNUSUAL CONDITIONS - NO UNUSUAL CONDITIONS,,C,DARK-STREET LIGHTS,,,,,,,A,NO PEDESTRIANS INVOLVED,,A,23152F,,1,12TH ST,1,,,A,,,WILLOW ST,,,A,8/1/2024 10:43:19 AM,1/31/2025 11:17:20 AM,,,2,,,,,,,
3163434,19-019335,2,False,0109,4/18/2019 5:33:00 PM,1733,12Y,14,109,Oakland,1,True,True,A,HEAD-ON,,Thursday,,,,,False,False,False,,C,OTHER MOTOR VEHICLE,,0,1,CLEAR,,NO UNUSUAL CONDITIONS - NO UNUSUAL CONDITIONS,,A,DAYLIGHT,,,,,,,A,NO PEDESTRIANS INVOLVED,,A,21801A,,1,CLAREMONT AV,1,,,A,,,HILLEGASS AV,,,A,8/1/2024 10:43:18 AM,1/31/2025 11:17:19 AM,,,2,,,,,,,
3163363,19-071439,2,False,0109,4/8/2019 10:56:00 PM,2256,19X,14,109,Oakland,1,True,True,B,SIDE SWIPE,,Monday,,,,,False,False,False,,C,OTHER MOTOR VEHICLE,,1,0,CLEAR,,LOOSE MATERIAL ON ROADWAY* - LOOSE MATERIAL ON ROADWAY*,OBSTRUCTION ON ROADWAY* - OBSTRUCTION ON ROADWAY*,C,DARK-STREET LIGHTS,,,,,,,A,NO PEDESTRIANS INVOLVED,,A,22107,,1,FOOTHILL BL,1,,,A,E,100.0,22ND AV,F,,D,8/1/2024 10:43:07 AM,1/31/2025 11:17:17 AM,,,2,,,,,,,
3163359,19-016607,2,False,0109,4/4/2019 9:42:00 AM,942,30X,14,109,Oakland,1,True,True,C,REAR END,,Thursday,,,,,False,False,False,,E,PARKED MOTOR VEHICLE,,1,0,CLOUDY,,NO UNUSUAL CONDITIONS - NO UNUSUAL CONDITIONS,,A,DAYLIGHT,,,,,,,A,NO PEDESTRIANS INVOLVED,,A,22350,,1,73RD AV,2,,,A,N,80.0,WELD ST,F,,D,8/1/2024 10:43:06 AM,1/31/2025 11:17:17 AM,,,2,,,,,,,
3163355,19-025723,2,False,0109,5/22/2019 11:11:00 PM,2311,31X,14,109,Oakland,1,True,True,E,HIT OBJECT,,Wednesday,,,,,False,False,False,,I,FIXED OBJECT,,0,0,CLEAR,,NO UNUSUAL CONDITIONS - NO UNUSUAL CONDITIONS,,D,DARK-NO STREET LIGHTS,,,,,,,A,NO PEDESTRIANS INVOLVED,,A,22107,,1,DOOLITTLE DR,2,,,A,E,1000.0,SWAN WY,F,,D,8/1/2024 10:43:05 AM,1/31/2025 11:17:16 AM,,,2,,,,,,,
3163351,19-033377,2,False,0109,7/2/2019 10:39:00 AM,1039,21Y,14,109,Oakland,1,True,True,D,BROADSIDE,,Tuesday,,,,,False,False,False,,C,OTHER MOTOR VEHICLE,,0,0,CLEAR,,NO UNUSUAL CONDITIONS - NO UNUSUAL CONDITIONS,,A,DAYLIGHT,,,,,,,A,NO PEDESTRIANS INVOLVED,,A,21453A,,1,FRUITVALE AV,1,,,A,,,HAROLD ST,,,A,8/1/2024 10:43:05 AM,1/31/2025 11:17:16 AM,,,2,,,,,,,
3163347,19-040125,2,False,0109,4/1/2019 3:30:00 PM,1530,31X,14,109,Oakland,1,True,True,B,SIDE SWIPE,,Monday,,,,,False,False,False,,C,OTHER MOTOR VEHICLE,,0,0,CLEAR,,NO UNUSUAL CONDITIONS - NO UNUSUAL CONDITIONS,,A,DAYLIGHT,,,,,,,A,NO PEDESTRIANS INVOLVED,,D,,,,HEGENBERGER RD,2,,,A,S,930.0,SAN LEANDRO ST,F,,D,8/1/2024 10:43:05 AM,1/31/2025 11:17:16 AM,,,2,,,,,,,
3163343,19-024803,2,False,0109,5/18/2019 12:04:00 AM,4,27X,14,109,Oakland,1,True,True,A,HEAD-ON,,Saturday,,,M,,False,False,False,,C,OTHER MOTOR VEHICLE,,0,0,CLEAR,,NO UNUSUAL CONDITIONS - NO UNUSUAL CONDITIONS,,C,DARK-STREET LIGHTS,,,,,,,A,NO PEDESTRIANS INVOLVED,,A,21650,,1,55TH AV,2,,,A,N,15.0,HOLWAY,F,,D,8/1/2024 10:43:04 AM,1/31/2025 11:17:16 AM,,,2,,,,,,,
3163339,19-028603,2,False,0109,6/7/2019 9:10:00 AM,910,33X,14,109,Oakland,1,True,True,C,REAR END,,Friday,,,,,False,False,True,,E,PARKED MOTOR VEHICLE,,0,0,CLEAR,,NO UNUSUAL CONDITIONS - NO UNUSUAL CONDITIONS,,A,DAYLIGHT,,,,,,,A,NO PEDESTRIANS INVOLVED,,A,22107,,1,INTERNATIONAL BL,2,,,A,E,40.0,96TH AV,F,,D,8/1/2024 10:43:03 AM,1/31/2025 11:17:16 AM,,,2,,,,,,,
3163332,19-025303,2,False,0109,5/21/2019 4:30:00 AM,430,02X,14,109,Oakland,1,True,True,F,OVERTURNED,,Tuesday,,,,,False,False,False,,I,FIXED OBJECT,,0,0,RAINING,,NO UNUSUAL CONDITIONS - NO UNUSUAL CONDITIONS,,C,DARK-STREET LIGHTS,,,,,,,A,NO PEDESTRIANS INVOLVED,,D,,,,MARITIME ST,1,,,B,S,30.0,W MARITIME ST,F,,A,8/1/2024 10:43:03 AM,1/31/2025 11:17:15 AM,,,2,,,,,,,
3163329,19-025264,2,False,0109,5/20/2019 9:45:00 PM,2145,15X,14,109,Oakland,1,True,True,B,SIDE SWIPE,,Monday,,,M,,False,False,False,,E,PARKED MOTOR VEHICLE,,0,0,CLEAR,,NO UNUSUAL CONDITIONS - NO UNUSUAL CONDITIONS,,C,DARK-STREET LIGHTS,,,,,,,A,NO PEDESTRIANS INVOLVED,,A,22107,,1,LAKESHORE,1,,,A,W,40.0,WESLEY AV,F,,D,8/1/2024 10:43:02 AM,1/31/2025 11:17:15 AM,,,2,,,,,,,
3162770,19-033729,2,False,0109,7/3/2019 6:55:00 PM,1855,17,14,109,Oakland,1,True,True,C,REAR END,,Wednesday,,,M,,False,False,False,,E,PARKED MOTOR VEHICLE,,0,0,CLEAR,,NO UNUSUAL CONDITIONS - NO UNUSUAL CONDITIONS,,C,DARK-STREET LIGHTS,,,,,,,A,NO PEDESTRIANS INVOLVED,,A,22350,,1,FOOTHILL BL,1,,,A,W,20.0,7TH AV,F,,D,8/1/2024 10:41:47 AM,1/31/2025 11:16:53 AM,,,2,,,,,,,
3162671,19-007930,2,False,0109,2/16/2019 3:35:00 PM,1535,22Y,14,109,Oakland,1,True,True,C,REAR END,,Saturday,,,M,,False,False,False,,C,OTHER MOTOR VEHICLE,,2,0,RAINING,,NO UNUSUAL CONDITIONS - NO UNUSUAL CONDITIONS,,A,DAYLIGHT,,,,,,,A,NO PEDESTRIANS INVOLVED,,A,21703,,1,MACARTHUR BL,1,,,B,E,50.0,BOSTON AV,F,,D,8/1/2024 10:41:33 AM,1/31/2025 11:16:49 AM,,,2,,,,,,,
3162667,19-008789,2,False,0109,2/19/2019 6:31:00 PM,1831,31X,14,109,Oakland,1,True,True,B,SIDE SWIPE,,Tuesday,,,,,False,False,False,,G,BICYCLE,,1,0,CLEAR,,NO UNUSUAL CONDITIONS - NO UNUSUAL CONDITIONS,,C,DARK-STREET LIGHTS,,,,,,,E,IN ROAD - INCLUDES SHOULDER,,A,22107,,1,DOOLITTLE DR,2,,,A,,,HEGENBERGER RD,,,A,8/1/2024 10:41:33 AM,1/31/2025 11:16:49 AM,,,2,,,,,,,
3162653,19-008962,2,False,0109,2/20/2019 3:00:00 PM,1500,04X,14,109,Oakland,1,True,True,G,VEHICLE/PEDESTRAIN,,Wednesday,,,,,False,False,False,,B,PEDESTRIAN,,1,0,CLEAR,,NO UNUSUAL CONDITIONS - NO UNUSUAL CONDITIONS,,A,DAYLIGHT,,,,,,,B,CROSSING IN CROSS WALK AT INTERSECTION,,A,21950A,,1,22ND ST,1,,,A,E,3.0,WEBSTER ST,F,,D,8/1/2024 10:41:31 AM,1/31/2025 11:16:48 AM,,,2,,,,,,,
3162615,19-021932,2,False,0109,5/2/2019 4:28:00 PM,1628,31X,14,109,Oakland,1,True,True,D,BROADSIDE,,Thursday,,,,,False,False,True,,C,OTHER MOTOR VEHICLE,,0,0,CLEAR,,NO UNUSUAL CONDITIONS - NO UNUSUAL CONDITIONS,,A,DAYLIGHT,,,,,,,A,NO PEDESTRIANS INVOLVED,,A,21801A,,1,98TH AV,2,,,A,,,BESSIE COLEMAN DR,,,A,8/1/2024 10:41:25 AM,1/31/2025 11:16:47 AM,,,2,,,,,,,
3162601,19-022305,2,False,0109,5/4/2019 5:10:00 PM,1710,19X,14,109,Oakland,1,True,True,D,BROADSIDE,,Saturday,,,,,False,False,False,,C,OTHER MOTOR VEHICLE,,0,0,CLEAR,,NO UNUSUAL CONDITIONS - NO UNUSUAL CONDITIONS,,A,DAYLIGHT,,,,,,,A,NO PEDESTRIANS INVOLVED,,A,22350,,1,INTERNATIONAL BL,1,,,A,,,20TH AV,,,D,8/1/2024 10:41:23 AM,1/31/2025 11:16:46 AM,,,2,,,,,,,
3162598,19-022657,2,False,0109,5/6/2019 10:07:00 PM,2207,19X,14,109,Oakland,1,True,True,D,BROADSIDE,,Monday,,,,,False,False,False,,C,OTHER MOTOR VEHICLE,,0,0,CLEAR,,NO UNUSUAL CONDITIONS - NO UNUSUAL CONDITIONS,,C,DARK-STREET LIGHTS,,,,,,,A,NO PEDESTRIANS INVOLVED,,A,21802A,,,21ST AV,1,,,A,,,E 15TH ST,,,D,8/1/2024 10:41:22 AM,1/31/2025 11:16:46 AM,,,2,,,,,,,
3162596,19-022147,2,False,0109,5/3/2019 6:54:00 PM,1854,26X,14,109,Oakland,1,True,True,B,SIDE SWIPE,,Friday,,,,,False,False,False,,C,OTHER MOTOR VEHICLE,,0,0,CLEAR,,NO UNUSUAL CONDITIONS - NO UNUSUAL CONDITIONS,,A,DAYLIGHT,,,,,,,A,NO PEDESTRIANS INVOLVED,,A,22107,,1,INTERNATIONAL BL,2,,,A,W,100.0,45TH AV,F,,A,8/1/2024 10:41:22 AM,1/31/2025 11:16:46 AM,,,2,,,,,,,
3162592,19-022266,2,False,0109,5/6/2019 12:40:00 PM,1240,28X,14,109,Oakland,1,True,True,C,REAR END,,Monday,,,M,,False,False,False,,,,,0,0,CLEAR,,NO UNUSUAL CONDITIONS - NO UNUSUAL CONDITIONS,,A,DAYLIGHT,,,,,,,A,NO PEDESTRIANS INVOLVED,,A,20002A,,1,HIGH ST,2,,,A,S,200.0,HIGH ST 3300,F,,A,8/1/2024 10:41:22 AM,1/31/2025 11:16:46 AM,,,2,,,,,,,
3162589,19-023646,2,False,0109,5/12/2019 12:22:00 AM,22,03X,14,109,Oakland,1,True,True,A,HEAD-ON,,Sunday,,,,,False,False,False,,C,OTHER MOTOR VEHICLE,,0,0,CLEAR,,NO UNUSUAL CONDITIONS - NO UNUSUAL CONDITIONS,,C,DARK-STREET LIGHTS,,,,,,,A,NO PEDESTRIANS INVOLVED,,A,21453A,,,JACKSON ST,1,,,A,,,7TH ST,,,A,8/1/2024 10:41:21 AM,1/31/2025 11:16:46 AM,,,2,,,,,,,
3162588,19-022363,2,False,0109,5/6/2019 12:03:00 AM,3,30X,14,109,Oakland,1,True,True,B,SIDE SWIPE,,Monday,,,M,,False,False,False,,E,PARKED MOTOR VEHICLE,,0,0,CLEAR,,NO UNUSUAL CONDITIONS - NO UNUSUAL CONDITIONS,,C,DARK-STREET LIGHTS,,,,,,,A,NO PEDESTRIANS INVOLVED,,A,22107,,1,70TH AV,2,,,A,N,40.0,HOLLY ST,F,,D,8/1/2024 10:41:21 AM,1/31/2025 11:16:45 AM,,,2,,,,,,,