collision-id,report-number,report-version,is-preliminary,ncic-code,crash-date-time,crash-time-description,beat,city-id,city-code,city-name,county-code,city-is-active,city-is-incorporated,collision-type-code,collision-type-description,collision-type-other-desc,day-of-week,dispatch-notified,has-photographs,hit-run,is-attachments-mailed,is-deleted,is-highway-related,is-tow-away,judicial-district,motor-vehicle-involved-with-code,motor-vehicle-involved-with-desc,motor-vehicle-involved-with-other-desc,number-injured,number-killed,weather-1,weather-2,road-condition-1,road-condition-2,special-condition-lighting-code,lighting-description,latitude,longitude,milepost-direction,milepost-distance,milepost-marker,milepost-unit-of-measure,pedestrian-action-code,pedestrian-action-desc,prepared-date,primary-collision-factor-code,primary-collision-factor-violation,primary-collision-factor-is-cited,primary-collision-party-number,primary-road,reporting-district,reporting-district-code,reviewed-date,roadway-surface-code,secondary-direction,secondary-distance,secondary-road,secondary-unit-of-measure,sketch-desc,traffic-control-device-code,created-date,modified-date,is-county-road,is-freeway,chp-555-version,is-additonal-object-struck,notification-date,notification-time-description,has-digital-media-files,evidence-number,is-location-refer-to-narrative,is-aoi-one-same-as-location
3177167,19-024058,2,False,0109,5/14/2019 8:32:00 AM,832,32X,14,109,Oakland,1,True,True,G,VEHICLE/PEDESTRAIN,,Tuesday,,,,,False,False,False,,B,PEDESTRIAN,,1,0,CLEAR,,NO UNUSUAL CONDITIONS - NO UNUSUAL CONDITIONS,,A,DAYLIGHT,,,,,,,B,CROSSING IN CROSS WALK AT INTERSECTION,,A,21950,,1,98TH AV,2,,,A,,,PLYMOUTH ST,,,D,8/1/2024 11:20:45 AM,1/31/2025 11:27:31 AM,,,2,,,,,,,
3177163,19-026426,2,False,0109,5/27/2019 11:20:00 PM,2320,05X,14,109,Oakland,1,True,True,D,BROADSIDE,,Monday,,,M,,False,False,False,,C,OTHER MOTOR VEHICLE,,0,0,CLEAR,,NO UNUSUAL CONDITIONS - NO UNUSUAL CONDITIONS,,C,DARK-STREET LIGHTS,,,,,,,A,NO PEDESTRIANS INVOLVED,,A,21801A,,1,W GRAND AV,1,,,A,,,WEST ST,,,A,8/1/2024 11:20:44 AM,1/31/2025 11:27:30 AM,,,2,,,,,,,
3177161,19-024074,2,False,0109,5/14/2019 9:31:00 AM,931,34X,14,109,Oakland,1,True,True,D,BROADSIDE,,Tuesday,,,,,False,False,False,,C,OTHER MOTOR VEHICLE,,1,0,CLEAR,,NO UNUSUAL CONDITIONS - NO UNUSUAL CONDITIONS,,A,DAYLIGHT,,,,,,,A,NO PEDESTRIANS INVOLVED,,A,21802A,,1,BANCROFT BL,2,,,A,,,84TH AV,,,A,8/1/2024 11:20:44 AM,1/31/2025 11:27:30 AM,,,2,,,,,,,
3177158,19-026553,2,False,0109,5/27/2019 9:11:00 PM,2111,35X,14,109,Oakland,1,True,True,B,SIDE SWIPE,,Monday,,,M,,False,False,True,,C,OTHER MOTOR VEHICLE,,0,0,CLEAR,,NO UNUSUAL CONDITIONS - NO UNUSUAL CONDITIONS,,C,DARK-STREET LIGHTS,,,,,,,A,NO PEDESTRIANS INVOLVED,,A,21451A,,1,90TH AV,2,,,A,,,MACARTHUR BL,,,A,8/1/2024 11:20:44 AM,1/31/2025 11:27:30 AM,,,2,,,,,,,
3177157,19-025354,2,False,0109,5/21/2019 8:53:00 AM,853,31Y,14,109,Oakland,1,True,True,C,REAR END,,Tuesday,,,,,False,False,False,,C,OTHER MOTOR VEHICLE,,1,0,RAINING,,NO UNUSUAL CONDITIONS - NO UNUSUAL CONDITIONS,,A,DAYLIGHT,,,,,,,A,NO PEDESTRIANS INVOLVED,,A,22350,,1,98TH AV,2,,,B,N,1000.0,EMPIRE RD,F,,A,8/1/2024 11:20:43 AM,1/31/2025 11:27:30 AM,,,2,,,,,,,
3177155,19-026385,2,False,0109,5/26/2019 9:23:00 PM,2123,28X,14,109,Oakland,1,True,True,A,HEAD-ON,,Sunday,,,M,,False,False,False,,I,FIXED OBJECT,,0,0,CLEAR,,NO UNUSUAL CONDITIONS - NO UNUSUAL CONDITIONS,,B,DUSK-DAWN,,,,,,,A,NO PEDESTRIANS INVOLVED,,A,22350,,1,SEMINARY AV,2,,,A,S,40.0,OAKDALE AV,F,,A,8/1/2024 11:20:43 AM,1/31/2025 11:27:30 AM,,,2,,,,,,,
3177152,19-023522,2,False,0109,5/11/2019 8:10:00 AM,810,08X,14,109,Oakland,1,True,True,A,HEAD-ON,,Saturday,,,,,False,False,False,,C,OTHER MOTOR VEHICLE,,1,0,CLOUDY,,NO UNUSUAL CONDITIONS - NO UNUSUAL CONDITIONS,,A,DAYLIGHT,,,,,,,A,NO PEDESTRIANS INVOLVED,,D,,,,HARRISON ST,1,,,A,,,PEARL ST,,,A,8/1/2024 11:20:42 AM,1/31/2025 11:27:30 AM,,,2,,,,,,,
3177151,19-026295,2,False,0109,5/26/2019 8:36:00 AM,836,26X,14,109,Oakland,1,True,True,D,BROADSIDE,,Sunday,,,M,,False,False,False,,C,OTHER MOTOR VEHICLE,,0,0,CLEAR,,CONSTRUCTION-REPAIR ZONE - CONSTRUCTION-REPAIR ZONE,,A,DAYLIGHT,,,,,,,A,NO PEDESTRIANS INVOLVED,,A,21801A,,1,INTERNATIONAL BL,2,,,A,,,60TH AV,,,D,8/1/2024 11:20:42 AM,1/31/2025 11:27:30 AM,,,2,,,,,,,
3177146,19-026836,2,False,0109,5/30/2019 5:07:00 AM,507,24X,14,109,Oakland,1,True,True,A,HEAD-ON,,Thursday,,,,,False,False,False,,C,OTHER MOTOR VEHICLE,,0,0,CLEAR,,NO UNUSUAL CONDITIONS - NO UNUSUAL CONDITIONS,,C,DARK-STREET LIGHTS,,,,,,,A,NO PEDESTRIANS INVOLVED,,A,22100B,,1,HIGH ST,2,,,A,,,SUTTER ST,,,D,8/1/2024 11:20:42 AM,1/31/2025 11:27:30 AM,,,2,,,,,,,
3177022,19-029606,2,False,0109,6/12/2019 3:30:00 PM,1530,27Y,14,109,Oakland,1,True,True,D,BROADSIDE,,Wednesday,,,,,False,False,False,,C,OTHER MOTOR VEHICLE,,2,0,CLEAR,,NO UNUSUAL CONDITIONS - NO UNUSUAL CONDITIONS,,A,DAYLIGHT,,,,,,,A,NO PEDESTRIANS INVOLVED,,A,21801A,,1,SEMINARY AV,2,,,A,,,TRASK ST,,,A,8/1/2024 11:20:22 AM,1/31/2025 11:27:24 AM,,,2,,,,,,,
3177018,19-029855,2,False,0109,6/13/2019 7:15:00 PM,1915,11X,14,109,Oakland,1,True,True,A,HEAD-ON,,Thursday,,,,,False,False,False,,E,PARKED MOTOR VEHICLE,,1,0,CLEAR,,NO UNUSUAL CONDITIONS - NO UNUSUAL CONDITIONS,,B,DUSK-DAWN,,,,,,,A,NO PEDESTRIANS INVOLVED,,A,22107,,1,SHATTUCK AV,1,,,A,,,58TH ST,,,D,8/1/2024 11:20:22 AM,1/31/2025 11:27:24 AM,,,2,,,,,,,
3177013,19-029417,2,False,0109,6/11/2019 10:40:00 PM,2240,10X,14,109,Oakland,1,True,True,C,REAR END,,Tuesday,,,,,False,False,True,,E,PARKED MOTOR VEHICLE,,0,0,CLEAR,,NO UNUSUAL CONDITIONS - NO UNUSUAL CONDITIONS,,C,DARK-STREET LIGHTS,,,,,,,A,NO PEDESTRIANS INVOLVED,,A,22107,,1,SAN PABLO AV,1,,,A,S,50.0,59TH ST,F,,A,8/1/2024 11:20:21 AM,1/31/2025 11:27:23 AM,,,2,,,,,,,
3176886,19-038651,2,False,0109,7/29/2019 3:49:00 PM,1549,31Z,14,109,Oakland,1,True,True,D,BROADSIDE,,Monday,,,,,False,False,False,,C,OTHER MOTOR VEHICLE,,3,0,CLEAR,,NO UNUSUAL CONDITIONS - NO UNUSUAL CONDITIONS,,A,DAYLIGHT,,,,,,,A,NO PEDESTRIANS INVOLVED,,A,21453A,,1,105TH AV,2,,,A,,,EDES AV,,,A,8/1/2024 11:19:59 AM,1/31/2025 11:27:18 AM,,,2,,,,,,,
3176882,19-027180,2,False,0109,5/30/2019 3:51:00 PM,1551,13X,14,109,Oakland,1,True,True,C,REAR END,,Thursday,,,,,False,False,True,,C,OTHER MOTOR VEHICLE,,0,0,CLEAR,,NO UNUSUAL CONDITIONS - NO UNUSUAL CONDITIONS,,A,DAYLIGHT,,,,,,,A,NO PEDESTRIANS INVOLVED,,A,22350,,1,BROADWAY,1,,,A,S,318.0,NAPA ST,F,,A,8/1/2024 11:19:58 AM,1/31/2025 11:27:17 AM,,,2,,,,,,,
3176878,19-027006,2,False,0109,5/29/2019 8:50:00 PM,2050,26X,14,109,Oakland,1,True,True,B,SIDE SWIPE,,Wednesday,,,M,,False,False,False,,C,OTHER MOTOR VEHICLE,,0,0,CLOUDY,,NO UNUSUAL CONDITIONS - NO UNUSUAL CONDITIONS,,C,DARK-STREET LIGHTS,,,,,,,A,NO PEDESTRIANS INVOLVED,,A,21801A,,1,SEMINARY AV,2,,,A,,,EASTLAWN ST,,,A,8/1/2024 11:19:57 AM,1/31/2025 11:27:17 AM,,,2,,,,,,,
3176874,19-026350,2,False,0109,5/26/2019 4:17:00 PM,1617,27X,14,109,Oakland,1,True,True,B,SIDE SWIPE,,Sunday,,,M,,False,False,True,,E,PARKED MOTOR VEHICLE,,0,0,CLOUDY,,NO UNUSUAL CONDITIONS - NO UNUSUAL CONDITIONS,,A,DAYLIGHT,,,,,,,A,NO PEDESTRIANS INVOLVED,,A,22107,,1,FOOTHILL BL,2,,,A,W,50.0,VICKSBURG,F,,A,8/1/2024 11:19:57 AM,1/31/2025 11:27:17 AM,,,2,,,,,,,
3176870,19-026378,2,False,0109,5/26/2019 8:16:00 PM,2016,02X,14,109,Oakland,1,True,True,C,REAR END,,Sunday,,,M,,False,False,False,,C,OTHER MOTOR VEHICLE,,1,0,CLEAR,,NO UNUSUAL CONDITIONS - NO UNUSUAL CONDITIONS,,B,DUSK-DAWN,,,,,,,A,NO PEDESTRIANS INVOLVED,,A,22350,,1,7TH ST,1,,,A,E,20.0,FILBERT ST,F,,D,8/1/2024 11:19:56 AM,1/31/2025 11:27:17 AM,,,2,,,,,,,
3176866,19-026771,2,False,0109,5/28/2019 2:46:00 PM,1446,26Y,14,109,Oakland,1,True,True,A,HEAD-ON,,Tuesday,,,M,,False,False,True,,E,PARKED MOTOR VEHICLE,,0,0,CLEAR,,NO UNUSUAL CONDITIONS - NO UNUSUAL CONDITIONS,,A,DAYLIGHT,,,,,,,A,NO PEDESTRIANS INVOLVED,,A,22107,,1,80TH AV,2,,,A,N,50.0,RUDSDALE ST,F,,D,8/1/2024 11:19:56 AM,1/31/2025 11:27:17 AM,,,2,,,,,,,
3176862,19-015124,2,False,0109,3/26/2019 4:32:00 PM,1632,1X,14,109,Oakland,1,True,True,G,VEHICLE/PEDESTRAIN,,Tuesday,,,F,,False,False,False,,E,PARKED MOTOR VEHICLE,,1,0,CLOUDY,,NO UNUSUAL CONDITIONS - NO UNUSUAL CONDITIONS,,A,DAYLIGHT,,,,,,,E,IN ROAD - INCLUDES SHOULDER,,A,22107,,1,HARRISON ST,1,,,A,E,5.0,HARRISON ST 2300 BLOCK,F,,A,8/1/2024 11:19:55 AM,1/31/2025 11:27:17 AM,,,2,,,,,,,
3176767,19-025920,2,False,0109,5/23/2019 10:56:00 PM,2256,27,14,109,Oakland,1,True,True,C,REAR END,,Thursday,,,M,,False,False,True,,E,PARKED MOTOR VEHICLE,,0,0,,,NO UNUSUAL CONDITIONS - NO UNUSUAL CONDITIONS,,C,DARK-STREET LIGHTS,,,,,,,A,NO PEDESTRIANS INVOLVED,,A,22106,,1,47TH AV,2,,,A,,,YGNACIO AV,,,D,8/1/2024 11:19:38 AM,1/31/2025 11:27:13 AM,,,2,,,,,,,
3176763,19-027026,2,False,0109,5/30/2019 11:21:00 PM,2321,27,14,109,Oakland,1,True,True,B,SIDE SWIPE,,Thursday,,,M,,False,False,False,,E,PARKED MOTOR VEHICLE,,0,0,CLEAR,,NO UNUSUAL CONDITIONS - NO UNUSUAL CONDITIONS,,C,DARK-STREET LIGHTS,,,,,,,A,NO PEDESTRIANS INVOLVED,,A,22107,,1,BANCROFT AV,2,,,A,W,50.0,62ND ST,F,,D,8/1/2024 11:19:37 AM,1/31/2025 11:27:12 AM,,,2,,,,,,,
3176497,19-039904,2,False,0109,8/5/2019 9:31:00 AM,931,06X,14,109,Oakland,1,True,True,D,BROADSIDE,,Monday,,,,,False,False,True,,C,OTHER MOTOR VEHICLE,,1,0,CLEAR,,NO UNUSUAL CONDITIONS - NO UNUSUAL CONDITIONS,,A,DAYLIGHT,,,,,,,A,NO PEDESTRIANS INVOLVED,,A,21453A,,1,27TH ST,1,,,A,,,MARTIN LUTHER KING JR WY,,,A,8/1/2024 11:18:53 AM,1/31/2025 11:27:01 AM,,,2,,,,,,,
3175891,19-037265,2,False,0109,7/22/2019 1:24:00 PM,1324,03Y,14,109,Oakland,1,True,True,D,BROADSIDE,,Monday,,,,,False,False,True,,C,OTHER MOTOR VEHICLE,,1,0,CLEAR,,NO UNUSUAL CONDITIONS - NO UNUSUAL CONDITIONS,,A,DAYLIGHT,,,,,,,A,NO PEDESTRIANS INVOLVED,,A,21453A,,1,7TH ST,1,,,A,,,MARTIN LUTHER KING JR WY,,,A,8/1/2024 11:17:11 AM,1/31/2025 11:26:33 AM,,,2,,,,,,,
3175888,19-036043,2,False,0109,7/16/2019 7:25:00 AM,725,06X,14,109,Oakland,1,True,True,D,BROADSIDE,,Tuesday,,,,,False,False,False,,C,OTHER MOTOR VEHICLE,,2,0,CLEAR,,NO UNUSUAL CONDITIONS - NO UNUSUAL CONDITIONS,,A,DAYLIGHT,,,,,,,A,NO PEDESTRIANS INVOLVED,,A,22106,,1,31ST ST,1,,,A,E,350.0,MARKET ST,F,,A,8/1/2024 11:17:11 AM,1/31/2025 11:26:33 AM,,,2,,,,,,,
3175866,19-026085,2,False,0109,5/24/2019 7:58:00 PM,1958,03X,14,109,Oakland,1,True,True,G,VEHICLE/PEDESTRAIN,,Friday,,,M,,False,False,False,,B,PEDESTRIAN,,1,0,CLEAR,,NO UNUSUAL CONDITIONS - NO UNUSUAL CONDITIONS,,C,DARK-STREET LIGHTS,,,,,,,E,IN ROAD - INCLUDES SHOULDER,,A,22106,,1,11TH ST,1,,,A,W,50.0,HARRISON ST,F,,D,8/1/2024 11:17:07 AM,1/31/2025 11:26:32 AM,,,2,,,,,,,
3175862,19-024278,2,False,0109,5/15/2019 10:10:00 AM,1010,03X,14,109,Oakland,1,True,True,G,VEHICLE/PEDESTRAIN,,Wednesday,,,,,False,False,False,,B,PEDESTRIAN,,1,0,RAINING,,NO UNUSUAL CONDITIONS - NO UNUSUAL CONDITIONS,,A,DAYLIGHT,,,,,,,B,CROSSING IN CROSS WALK AT INTERSECTION,,A,21950,,1,9TH ST,1,,,B,,,BROADWAY,,,A,8/1/2024 11:17:06 AM,1/31/2025 11:26:32 AM,,,2,,,,,,,
3175785,19-032221,2,False,0109,6/25/2019 9:20:00 PM,2120,24Y,14,109,Oakland,1,True,True,B,SIDE SWIPE,,Tuesday,,,M,,False,False,True,,E,PARKED MOTOR VEHICLE,,0,0,CLEAR,,NO UNUSUAL CONDITIONS - NO UNUSUAL CONDITIONS,,B,DUSK-DAWN,,,,,,,A,NO PEDESTRIANS INVOLVED,,A,22107,,1,FULLINGTON ST,2,,,A,W,130.0,MAYBELLE WY,F,,D,8/1/2024 11:16:52 AM,1/31/2025 11:26:28 AM,,,2,,,,,,,
3175710,19-034554,2,False,0109,7/8/2019 4:24:00 PM,1624,20X,14,109,Oakland,1,True,True,C,REAR END,,Monday,,,M,,False,False,False,,C,OTHER MOTOR VEHICLE,,0,0,CLEAR,,NO UNUSUAL CONDITIONS - NO UNUSUAL CONDITIONS,,A,DAYLIGHT,,,,,,,A,NO PEDESTRIANS INVOLVED,,A,22106,,1,E 7TH ST,1,,,A,,,PETERSON ST,,,A,8/1/2024 11:16:40 AM,1/31/2025 11:26:25 AM,,,2,,,,,,,
3175706,19-026018,2,False,0109,5/24/2019 1:00:00 PM,1300,21X,14,109,Oakland,1,True,True,D,BROADSIDE,,Friday,,,,,False,False,False,,E,PARKED MOTOR VEHICLE,,1,0,CLEAR,,NO UNUSUAL CONDITIONS - NO UNUSUAL CONDITIONS,,A,DAYLIGHT,,,,,,,A,NO PEDESTRIANS INVOLVED,,A,22107,,1,E 29TH ST,1,,,A,E,100.0,25TH AV,F,,B,8/1/2024 11:16:39 AM,1/31/2025 11:26:24 AM,,,2,,,,,,,
3175702,19-05837,2,False,0109,7/15/2019 11:49:00 AM,1149,03Y,14,109,Oakland,1,True,True,D,BROADSIDE,,Monday,,,,,False,False,False,,C,OTHER MOTOR VEHICLE,,0,0,CLEAR,,NO UNUSUAL CONDITIONS - NO UNUSUAL CONDITIONS,,A,DAYLIGHT,,,,,,,A,NO PEDESTRIANS INVOLVED,,A,21453A,,1,14TH ST,1,,,A,,,CASTRO ST,,,A,8/1/2024 11:16:38 AM,1/31/2025 11:26:24 AM,,,2,,,,,,,
3175079,19-025901,2,False,0109,5/23/2019 12:55:00 AM,55,30X,14,109,Oakland,1,True,True,B,SIDE SWIPE,,Thursday,,,M,,False,False,False,,E,PARKED MOTOR VEHICLE,,0,0,CLEAR,,NO UNUSUAL CONDITIONS - NO UNUSUAL CONDITIONS,,C,DARK-STREET LIGHTS,,,,,,,A,NO PEDESTRIANS INVOLVED,,A,22107,,1,HOLLY ST,2,,,A,E,243.0,73RD AV,F,,D,8/1/2024 11:14:53 AM,1/31/2025 11:25:56 AM,,,2,,,,,,,
3173706,19-039468,2,False,0109,8/2/2019 5:33:00 PM,1733,31Z,14,109,Oakland,1,True,True,B,SIDE SWIPE,,Friday,,,,,False,False,False,,C,OTHER MOTOR VEHICLE,,0,0,CLEAR,,NO UNUSUAL CONDITIONS - NO UNUSUAL CONDITIONS,,A,DAYLIGHT,,,,,,,A,NO PEDESTRIANS INVOLVED,,A,22107,,1,SAN LEANDRO ST,2,,,A,W,10.0,STONE ST,F,,D,8/1/2024 11:10:59 AM,1/31/2025 11:24:54 AM,,,2,,,,,,,
3173684,19-041878,2,False,0109,8/15/2019 6:10:00 AM,610,27X,14,109,Oakland,1,True,True,C,REAR END,,Thursday,,,,,False,False,False,,C,OTHER MOTOR VEHICLE,,0,0,CLEAR,,NO UNUSUAL CONDITIONS - NO UNUSUAL CONDITIONS,,B,DUSK-DAWN,,,,,,,A,NO PEDESTRIANS INVOLVED,,A,22350,,1,BANCROFT AV,2,,,A,W,35.0,VICKSBURG AV,F,,A,8/1/2024 11:10:56 AM,1/31/2025 11:24:53 AM,,,2,,,,,,,
3173561,19-038223,2,False,0109,7/27/2019 1:39:00 AM,139,33X,14,109,Oakland,1,True,True,C,REAR END,,Saturday,,,,,False,False,False,,C,OTHER MOTOR VEHICLE,,0,0,CLEAR,,NO UNUSUAL CONDITIONS - NO UNUSUAL CONDITIONS,,C,DARK-STREET LIGHTS,,,,,,,A,NO PEDESTRIANS INVOLVED,,A,22106,,1,85TH AV,2,,,A,N,50.0,BLAINE ST,F,,D,8/1/2024 11:10:38 AM,1/31/2025 11:24:48 AM,,,2,,,,,,,
3173558,19-038224,2,False,0109,7/27/2019 1:39:00 AM,139,33X,14,109,Oakland,1,True,True,D,BROADSIDE,,Saturday,,,,,False,False,False,,E,PARKED MOTOR VEHICLE,,0,0,CLEAR,,NO UNUSUAL CONDITIONS - NO UNUSUAL CONDITIONS,,C,DARK-STREET LIGHTS,,,,,,,A,NO PEDESTRIANS INVOLVED,,A,22107,,1,E ST,2,,,A,,,86TH AV,,,D,8/1/2024 11:10:38 AM,1/31/2025 11:24:48 AM,,,2,,,,,,,
3173555,19-035938,2,False,0109,7/15/2019 5:50:00 PM,1750,34X,14,109,Oakland,1,True,True,B,SIDE SWIPE,,Monday,,,,,False,False,True,,E,PARKED MOTOR VEHICLE,,0,0,CLEAR,,NO UNUSUAL CONDITIONS - NO UNUSUAL CONDITIONS,,A,DAYLIGHT,,,,,,,A,NO PEDESTRIANS INVOLVED,,A,22350,,1,94TH AV,2,,,A,S,70.0,PLYMOUTH ST,F,,D,8/1/2024 11:10:37 AM,1/31/2025 11:24:48 AM,,,2,,,,,,,
3173552,19-037810,2,False,0109,7/24/2019 12:30:00 PM,1230,19X,14,109,Oakland,1,True,True,B,SIDE SWIPE,,Wednesday,,,,,False,False,False,,E,PARKED MOTOR VEHICLE,,0,0,CLEAR,,NO UNUSUAL CONDITIONS - NO UNUSUAL CONDITIONS,,A,DAYLIGHT,,,,,,,A,NO PEDESTRIANS INVOLVED,,A,23103A,,1,E 15TH ST,1,,,A,W,10.0,19TH AV,F,,D,8/1/2024 11:10:36 AM,1/31/2025 11:24:48 AM,,,2,,,,,,,
3173547,19-036169,2,False,0109,7/16/2019 6:00:00 PM,1800,21X,14,109,Oakland,1,True,True,H,OTHER,,Tuesday,,,,,False,False,False,,E,PARKED MOTOR VEHICLE,,0,0,CLEAR,,NO UNUSUAL CONDITIONS - NO UNUSUAL CONDITIONS,,A,DAYLIGHT,,,,,,,A,NO PEDESTRIANS INVOLVED,,A,23152A,,1,MITCHELL ST,1,,,A,N,120.0,E 23RD ST,F,,D,8/1/2024 11:10:36 AM,1/31/2025 11:24:47 AM,,,2,,,,,,,
3173544,19-033780,2,False,0109,7/4/2019 6:31:00 AM,631,27X,14,109,Oakland,1,True,True,C,REAR END,,Thursday,,,M,,False,False,True,,E,PARKED MOTOR VEHICLE,,0,0,CLEAR,,NO UNUSUAL CONDITIONS - NO UNUSUAL CONDITIONS,,B,DUSK-DAWN,,,,,,,A,NO PEDESTRIANS INVOLVED,,A,22107,,1,SEMINARY AV,2,,,A,N,15.0,BROMLEY AV,F,,D,8/1/2024 11:10:35 AM,1/31/2025 11:24:47 AM,,,2,,,,,,,
3173538,19-034248,2,False,0109,7/6/2019 10:07:00 PM,2207,33X,14,109,Oakland,1,True,True,D,BROADSIDE,,Saturday,,,M,,False,False,False,,I,FIXED OBJECT,,0,0,CLEAR,,NO UNUSUAL CONDITIONS - NO UNUSUAL CONDITIONS,,C,DARK-STREET LIGHTS,,,,,,,A,NO PEDESTRIANS INVOLVED,,A,22350,,1,B ST,2,,,A,W,100.0,84TH AV,F,,A,8/1/2024 11:10:34 AM,1/31/2025 11:24:47 AM,,,2,,,,,,,
3173536,19-035122,2,False,0109,7/11/2019 9:27:00 AM,927,31X,14,109,Oakland,1,True,True,D,BROADSIDE,,Thursday,,,,,False,False,False,,C,OTHER MOTOR VEHICLE,,0,0,CLEAR,,NO UNUSUAL CONDITIONS - NO UNUSUAL CONDITIONS,,A,DAYLIGHT,,,,,,,A,NO PEDESTRIANS INVOLVED,,A,21651A,,1,85TH AV,2,,,A,S,260.0,BALDWIN ST,F,,A,8/1/2024 11:10:34 AM,1/31/2025 11:24:47 AM,,,2,,,,,,,
3173496,19-033722,2,False,0109,7/3/2019 9:26:00 PM,2126,03Y,14,109,Oakland,1,True,True,D,BROADSIDE,,Wednesday,,,,,False,False,True,,C,OTHER MOTOR VEHICLE,,1,0,CLEAR,,NO UNUSUAL CONDITIONS - NO UNUSUAL CONDITIONS,,C,DARK-STREET LIGHTS,,,,,,,A,NO PEDESTRIANS INVOLVED,,A,21453A,,1,11TH ST,1,,,A,,,JEFFERSON ST,,,A,8/1/2024 11:10:28 AM,1/31/2025 11:24:45 AM,,,2,,,,,,,
3173492,18-035804,2,False,0109,7/18/2019 11:21:00 AM,1121,13Z,14,109,Oakland,1,True,True,H,OTHER,,Thursday,,,,,False,False,False,,E,PARKED MOTOR VEHICLE,,1,0,CLEAR,,NO UNUSUAL CONDITIONS - NO UNUSUAL CONDITIONS,,A,DAYLIGHT,,,,,,,A,NO PEDESTRIANS INVOLVED,,A,22107,,1,CASTLE PARK WY,1,,,A,E,100.0,CASTLE DR,F,,D,8/1/2024 11:10:27 AM,1/31/2025 11:24:45 AM,,,2,,,,,,,
3173491,19-036392,2,False,0109,7/17/2019 6:30:00 PM,1830,27X,14,109,Oakland,1,True,True,B,SIDE SWIPE,,Wednesday,,,,,False,False,False,,C,OTHER MOTOR VEHICLE,,0,0,CLEAR,,NO UNUSUAL CONDITIONS - NO UNUSUAL CONDITIONS,,A,DAYLIGHT,,,,,,,A,NO PEDESTRIANS INVOLVED,,A,22107,,1,64TH AV,2,,,A,N,25.0,INTERNATIONAL BL,F,,A,8/1/2024 11:10:27 AM,1/31/2025 11:24:45 AM,,,2,,,,,,,
3173488,19-037985,2,False,0109,7/25/2019 5:22:00 PM,1722,09X,14,109,Oakland,1,True,True,G,VEHICLE/PEDESTRAIN,,Thursday,,,,,False,False,False,,B,PEDESTRIAN,,1,0,CLEAR,,NO UNUSUAL CONDITIONS - NO UNUSUAL CONDITIONS,,A,DAYLIGHT,,,,,,,,,,A,21950A,,1,PIEDMONT AV,1,,,A,,,LINDA AV,,,A,8/1/2024 11:10:26 AM,1/31/2025 11:24:45 AM,,,2,,,,,,,
3173441,19-041779,2,False,0109,8/14/2019 6:36:00 PM,1836,01X,14,109,Oakland,1,True,True,H,OTHER,,Wednesday,,,,,False,False,False,,G,BICYCLE,,1,0,CLEAR,,NO UNUSUAL CONDITIONS - NO UNUSUAL CONDITIONS,,A,DAYLIGHT,,,,,,,A,NO PEDESTRIANS INVOLVED,,A,21801A,,1,OAK ST,1,,,A,,,2ND ST,,,A,8/1/2024 11:10:18 AM,1/31/2025 11:24:43 AM,,,2,,,,,,,
3173437,19-042928,2,False,0109,8/20/2019 9:10:00 AM,910,24X,14,109,Oakland,1,True,True,C,REAR END,,Tuesday,,,,,False,False,False,,C,OTHER MOTOR VEHICLE,,2,0,CLOUDY,,NO UNUSUAL CONDITIONS - NO UNUSUAL CONDITIONS,,A,DAYLIGHT,,,,,,,A,NO PEDESTRIANS INVOLVED,,A,22350,,1,38TH AV,2,,,A,S,350.0,CARRINGTON ST,F,,A,8/1/2024 11:10:17 AM,1/31/2025 11:24:43 AM,,,2,,,,,,,
3173405,19-037973,2,False,0109,7/25/2019 3:58:00 PM,1558,14X,14,109,Oakland,1,True,True,C,REAR END,,Thursday,,,M,,False,False,False,,C,OTHER MOTOR VEHICLE,,1,0,CLEAR,,NO UNUSUAL CONDITIONS - NO UNUSUAL CONDITIONS,,A,DAYLIGHT,,,,,,,A,NO PEDESTRIANS INVOLVED,,A,22350,,1,GRAND AV,1,,,A,W,5.0,BELLVUE AV,F,,A,8/1/2024 11:10:11 AM,1/31/2025 11:24:41 AM,,,2,,,,,,,
3173403,19-041998,2,False,0109,8/15/2019 4:55:00 PM,1655,31X,14,109,Oakland,1,True,True,D,BROADSIDE,,Thursday,,,M,,False,False,False,,C,OTHER MOTOR VEHICLE,,1,0,CLEAR,,NO UNUSUAL CONDITIONS - NO UNUSUAL CONDITIONS,,A,DAYLIGHT,,,,,,,A,NO PEDESTRIANS INVOLVED,,A,21453A,,1,HEGENBERGER RD,2,,,A,,,EDES AV,,,A,8/1/2024 11:10:10 AM,1/31/2025 11:24:41 AM,,,2,,,,,,,
3173401,19-034189,2,False,0109,7/6/2019 3:42:00 PM,1542,05X,14,109,Oakland,1,True,True,E,HIT OBJECT,,Saturday,,,,,False,False,False,,I,FIXED OBJECT,,1,0,CLEAR,,NO UNUSUAL CONDITIONS - NO UNUSUAL CONDITIONS,,A,DAYLIGHT,,,,,,,A,NO PEDESTRIANS INVOLVED,,A,22107,,1,MARKET ST,1,,,A,N,20.0,13TH ST,F,,D,8/1/2024 11:10:10 AM,1/31/2025 11:24:41 AM,,,2,,,,,,,
3173400,19-040802,2,False,0109,8/9/2019 6:55:00 PM,1855,33X,14,109,Oakland,1,True,True,G,VEHICLE/PEDESTRAIN,,Friday,,,M,,False,False,False,,B,PEDESTRIAN,,2,0,CLEAR,,NO UNUSUAL CONDITIONS - NO UNUSUAL CONDITIONS,,A,DAYLIGHT,,,,,,,B,CROSSING IN CROSS WALK AT INTERSECTION,,A,21950A,,1,108TH AV,2,,,A,,,MACARTHUR BL,,,D,8/1/2024 11:10:10 AM,1/31/2025 11:24:41 AM,,,2,,,,,,,
3173397,19-036101,2,False,0109,7/16/2019 12:00:00 PM,1200,31Y,14,109,Oakland,1,True,True,B,SIDE SWIPE,,Tuesday,,,,,False,False,False,,C,OTHER MOTOR VEHICLE,,1,0,CLEAR,,NO UNUSUAL CONDITIONS - NO UNUSUAL CONDITIONS,,A,DAYLIGHT,,,,,,,A,NO PEDESTRIANS INVOLVED,,A,21453B,,1,DOOLITTLE DR,2,,,A,,,BESSIE COLEMAN  DR,,,A,8/1/2024 11:10:09 AM,1/31/2025 11:24:41 AM,,,2,,,,,,,