collision-id,report-number,report-version,is-preliminary,ncic-code,crash-date-time,crash-time-description,beat,city-id,city-code,city-name,county-code,city-is-active,city-is-incorporated,collision-type-code,collision-type-description,collision-type-other-desc,day-of-week,dispatch-notified,has-photographs,hit-run,is-attachments-mailed,is-deleted,is-highway-related,is-tow-away,judicial-district,motor-vehicle-involved-with-code,motor-vehicle-involved-with-desc,motor-vehicle-involved-with-other-desc,number-injured,number-killed,weather-1,weather-2,road-condition-1,road-condition-2,special-condition-lighting-code,lighting-description,latitude,longitude,milepost-direction,milepost-distance,milepost-marker,milepost-unit-of-measure,pedestrian-action-code,pedestrian-action-desc,prepared-date,primary-collision-factor-code,primary-collision-factor-violation,primary-collision-factor-is-cited,primary-collision-party-number,primary-road,reporting-district,reporting-district-code,reviewed-date,roadway-surface-code,secondary-direction,secondary-distance,secondary-road,secondary-unit-of-measure,sketch-desc,traffic-control-device-code,created-date,modified-date,is-county-road,is-freeway,chp-555-version,is-additonal-object-struck,notification-date,notification-time-description,has-digital-media-files,evidence-number,is-location-refer-to-narrative,is-aoi-one-same-as-location
3209139,19-037103,2,False,0109,7/21/2019 2:34:00 PM,1434,15X,14,109,Oakland,1,True,True,B,SIDE SWIPE,,Sunday,,,M,,False,False,False,,E,PARKED MOTOR VEHICLE,,0,0,CLEAR,,NO UNUSUAL CONDITIONS - NO UNUSUAL CONDITIONS,,A,DAYLIGHT,,,,,,,A,NO PEDESTRIANS INVOLVED,,A,22107,,1,BROOKLYN AV,1,,,A,,,MERRITT AV,,,D,8/1/2024 1:46:17 PM,1/31/2025 11:55:02 AM,,,2,,,,,,,
3209134,19-033724,2,False,0109,7/3/2019 10:00:00 PM,2200,06X,14,109,Oakland,1,True,True,C,REAR END,,Wednesday,,,M,,False,False,False,,C,OTHER MOTOR VEHICLE,,0,0,CLEAR,,NO UNUSUAL CONDITIONS - NO UNUSUAL CONDITIONS,,C,DARK-STREET LIGHTS,,,,,,,A,NO PEDESTRIANS INVOLVED,,A,22106,,1,27TH ST,1,,,A,,,MARTIN LUTHER KING WY,,,A,8/1/2024 1:46:17 PM,1/31/2025 11:55:02 AM,,,2,,,,,,,
3209130,19-038266,2,False,0109,7/27/2019 9:57:00 AM,957,35X,14,109,Oakland,1,True,True,C,REAR END,,Saturday,,,M,,False,False,False,,C,OTHER MOTOR VEHICLE,,0,0,CLEAR,,NO UNUSUAL CONDITIONS - NO UNUSUAL CONDITIONS,,A,DAYLIGHT,,,,,,,A,NO PEDESTRIANS INVOLVED,,A,22350,,1,82ND AV,2,,,A,,,BANCROFT AV,,,A,8/1/2024 1:46:16 PM,1/31/2025 11:55:02 AM,,,2,,,,,,,
3209126,19-037533,2,False,0109,7/23/2019 3:45:00 PM,1545,08X,14,109,Oakland,1,True,True,B,SIDE SWIPE,,Tuesday,,,M,,False,False,False,,C,OTHER MOTOR VEHICLE,,0,0,CLEAR,,NO UNUSUAL CONDITIONS - NO UNUSUAL CONDITIONS,,A,DAYLIGHT,,,,,,,A,NO PEDESTRIANS INVOLVED,,A,22107,,1,GRAND AV,1,,,A,,,BROADWAY ST,,,A,8/1/2024 1:46:16 PM,1/31/2025 11:55:01 AM,,,2,,,,,,,
3208644,19-039378,2,False,0109,8/2/2019 7:02:00 AM,702,03X,14,109,Oakland,1,True,True,D,BROADSIDE,,Friday,,,,,False,False,False,,C,OTHER MOTOR VEHICLE,,0,0,CLEAR,,NO UNUSUAL CONDITIONS - NO UNUSUAL CONDITIONS,,A,DAYLIGHT,,,,,,,A,NO PEDESTRIANS INVOLVED,,A,21453A,,1,7TH ST,1,,,A,,,OAK ST,,,A,8/1/2024 1:45:49 PM,1/31/2025 11:54:34 AM,,,2,,,,,,,
3208636,19-036383,2,False,0109,7/17/2019 5:09:00 PM,1709,22X,14,109,Oakland,1,True,True,B,SIDE SWIPE,,Wednesday,,,,,False,False,False,,E,PARKED MOTOR VEHICLE,,0,0,CLEAR,,NO UNUSUAL CONDITIONS - NO UNUSUAL CONDITIONS,,A,DAYLIGHT,,,,,,,A,NO PEDESTRIANS INVOLVED,,B,,,1,BYWOOD DR,1,,,A,N,70.0,CARTER ST,F,,D,8/1/2024 1:45:49 PM,1/31/2025 11:54:34 AM,,,2,,,,,,,
3208620,19-028762,2,False,0109,6/8/2019 12:17:00 PM,1217,26X,14,109,Oakland,1,True,True,D,BROADSIDE,,Saturday,,,,,False,False,False,,C,OTHER MOTOR VEHICLE,,0,0,CLEAR,,NO UNUSUAL CONDITIONS - NO UNUSUAL CONDITIONS,,A,DAYLIGHT,,,,,,,A,NO PEDESTRIANS INVOLVED,,B,,,1,50TH AV,2,,,A,,,COLISEUM WY,,,D,8/1/2024 1:45:48 PM,1/31/2025 11:54:33 AM,,,2,,,,,,,
3208619,19-044204,2,False,0109,8/26/2019 4:19:00 PM,1619,31X,14,109,Oakland,1,True,True,C,REAR END,,Monday,,,,,False,False,False,,C,OTHER MOTOR VEHICLE,,1,0,CLEAR,,NO UNUSUAL CONDITIONS - NO UNUSUAL CONDITIONS,,A,DAYLIGHT,,,,,,,A,NO PEDESTRIANS INVOLVED,,B,,,1,HEGENBERGER RD,2,,,A,N,200.0,COLLINS DR,F,,A,8/1/2024 1:45:48 PM,1/31/2025 11:54:33 AM,,,2,,,,,,,
3208618,19-041468,2,False,0109,8/13/2019 9:34:00 AM,934,04X,14,109,Oakland,1,True,True,D,BROADSIDE,,Tuesday,,,,,False,False,False,,C,OTHER MOTOR VEHICLE,,1,0,CLEAR,,NO UNUSUAL CONDITIONS - NO UNUSUAL CONDITIONS,,A,DAYLIGHT,,,,,,,A,NO PEDESTRIANS INVOLVED,,A,21801A,,1,14TH ST,1,,,A,,,FRANKLIN ST,,,A,8/1/2024 1:45:48 PM,1/31/2025 11:54:32 AM,,,2,,,,,,,
3208615,19-040973,2,False,0109,8/10/2019 3:53:00 PM,1553,31X,14,109,Oakland,1,True,True,B,SIDE SWIPE,,Saturday,,,,,False,False,False,,C,OTHER MOTOR VEHICLE,,0,0,CLEAR,,NO UNUSUAL CONDITIONS - NO UNUSUAL CONDITIONS,,A,DAYLIGHT,,,,,,,A,NO PEDESTRIANS INVOLVED,,C,,,,HEGENBERGER,2,,,A,S,30.0,EDES AV,F,,D,8/1/2024 1:45:48 PM,1/31/2025 11:54:32 AM,,,2,,,,,,,
3208614,19-040374,2,False,0109,8/7/2019 5:00:00 PM,1700,03X,14,109,Oakland,1,True,True,C,REAR END,,Wednesday,,,,,False,False,False,,C,OTHER MOTOR VEHICLE,,0,0,CLEAR,,NO UNUSUAL CONDITIONS - NO UNUSUAL CONDITIONS,,A,DAYLIGHT,,,,,,,A,NO PEDESTRIANS INVOLVED,,B,,,1,10TH ST,1,,,A,W,57.0,FILBERT ST,F,,D,8/1/2024 1:45:48 PM,1/31/2025 11:54:32 AM,,,2,,,,,,,
3208612,19-04598,2,False,0109,9/4/2019 6:46:00 PM,1846,24X,14,109,Oakland,1,True,True,D,BROADSIDE,,Wednesday,,,,,False,False,False,,C,OTHER MOTOR VEHICLE,,1,0,CLEAR,,NO UNUSUAL CONDITIONS - NO UNUSUAL CONDITIONS,,A,DAYLIGHT,,,,,,,A,NO PEDESTRIANS INVOLVED,,A,21801A,,1,HIGH ST,1,,,A,,,BROOKDALE AV,,,A,8/1/2024 1:45:48 PM,1/31/2025 11:54:32 AM,,,2,,,,,,,
3208607,19-041338,2,False,0109,8/12/2019 5:19:00 PM,1719,22X,14,109,Oakland,1,True,True,C,REAR END,,Monday,,,,,False,False,False,,C,OTHER MOTOR VEHICLE,,0,0,CLEAR,,NO UNUSUAL CONDITIONS - NO UNUSUAL CONDITIONS,,A,DAYLIGHT,,,,,,,A,NO PEDESTRIANS INVOLVED,,A,22106,,1,COOLIDGE AV,1,,,A,,,MACARTHUR BL,,,D,8/1/2024 1:45:48 PM,1/31/2025 11:54:32 AM,,,2,,,,,,,
3208400,19-043866,2,False,0109,8/24/2019 9:44:00 PM,2144,30X,14,109,Oakland,1,True,True,B,SIDE SWIPE,,Saturday,,,,,False,False,False,,E,PARKED MOTOR VEHICLE,,0,0,CLEAR,,NO UNUSUAL CONDITIONS - NO UNUSUAL CONDITIONS,,C,DARK-STREET LIGHTS,,,,,,,A,NO PEDESTRIANS INVOLVED,,B,,,1,WELD ST,2,,,A,E,200.0,73RD,F,,D,8/1/2024 1:45:37 PM,1/31/2025 11:54:20 AM,,,2,,,,,,,
3208382,19-044965,2,False,0109,8/30/2019 9:55:00 AM,955,03X,14,109,Oakland,1,True,True,D,BROADSIDE,,Friday,,,,,False,False,False,,C,OTHER MOTOR VEHICLE,,0,0,CLEAR,,NO UNUSUAL CONDITIONS - NO UNUSUAL CONDITIONS,,A,DAYLIGHT,,,,,,,A,NO PEDESTRIANS INVOLVED,,B,,,1,OAK ST,1,,,A,,,7TH ST,,,A,8/1/2024 1:45:36 PM,1/31/2025 11:54:19 AM,,,2,,,,,,,
3208380,19-051868,2,False,0109,10/5/2019 9:57:00 AM,957,20X,14,109,Oakland,1,True,True,B,SIDE SWIPE,,Saturday,,,,,False,False,False,,E,PARKED MOTOR VEHICLE,,0,0,CLEAR,,NO UNUSUAL CONDITIONS - NO UNUSUAL CONDITIONS,,A,DAYLIGHT,,,,,,,A,NO PEDESTRIANS INVOLVED,,A,22107,,1,DERBY AV,1,,,A,N,15.0,FORD ST,F,,D,8/1/2024 1:45:36 PM,1/31/2025 11:54:19 AM,,,2,,,,,,,
3208233,19-048029,2,False,0109,9/15/2019 5:45:00 PM,1745,31Y,14,109,Oakland,1,True,True,B,SIDE SWIPE,,Sunday,,,,,False,False,False,,C,OTHER MOTOR VEHICLE,,0,0,CLEAR,,NO UNUSUAL CONDITIONS - NO UNUSUAL CONDITIONS,,A,DAYLIGHT,,,,,,,A,NO PEDESTRIANS INVOLVED,,A,22107,,1,HEGENBERGER RD,2,,,A,N,400.0,BALDWIN ST,F,,A,8/1/2024 1:45:28 PM,1/31/2025 11:54:11 AM,,,2,,,,,,,
3208108,19-045454,2,False,0109,9/2/2019 8:54:00 AM,854,04X,14,109,Oakland,1,True,True,E,HIT OBJECT,,Monday,,,,,False,False,False,,I,FIXED OBJECT,,0,0,CLEAR,,NO UNUSUAL CONDITIONS - NO UNUSUAL CONDITIONS,,A,DAYLIGHT,,,,,,,A,NO PEDESTRIANS INVOLVED,,B,,,1,HARRISON ST,1,,,A,,,20TH ST,,,A,8/1/2024 1:45:21 PM,1/31/2025 11:54:04 AM,,,2,,,,,,,
3208068,19-045623,2,False,0109,9/3/2019 4:30:00 AM,430,12Y,14,109,Oakland,1,True,True,H,OTHER,,Tuesday,,,,,False,False,False,,H,ANIMAL,,0,0,CLEAR,,NO UNUSUAL CONDITIONS - NO UNUSUAL CONDITIONS,,C,DARK-STREET LIGHTS,,,,,,,A,NO PEDESTRIANS INVOLVED,,C,,,,GOLDEN GATE AV,1,,,A,S,125.0,CHABOT RD,F,,D,8/1/2024 1:45:20 PM,1/31/2025 11:54:02 AM,,,2,,,,,,,
3207990,19-042455,2,False,0109,8/17/2019 7:50:00 PM,1950,29X,14,109,Oakland,1,True,True,D,BROADSIDE,,Saturday,,,M,,False,False,False,,C,OTHER MOTOR VEHICLE,,0,0,CLEAR,,NO UNUSUAL CONDITIONS - NO UNUSUAL CONDITIONS,,A,DAYLIGHT,,,,,,,A,NO PEDESTRIANS INVOLVED,,A,21802A,,1,SEMINARY AV,2,,,A,S,120.0,SUNNYMERE ST,F,,D,8/1/2024 1:45:16 PM,1/31/2025 11:53:58 AM,,,2,,,,,,,
3207969,19-030782,2,False,0109,6/18/2019 7:00:00 PM,1900,31Y,14,109,Oakland,1,True,True,C,REAR END,,Tuesday,,,,,False,False,False,,C,OTHER MOTOR VEHICLE,,0,0,CLEAR,,NO UNUSUAL CONDITIONS - NO UNUSUAL CONDITIONS,,A,DAYLIGHT,,,,,,,A,NO PEDESTRIANS INVOLVED,,A,22106,,1,CORAL RD,2,,,A,N,20.0,WISTAR RD,F,,D,8/1/2024 1:45:15 PM,1/31/2025 11:53:56 AM,,,2,,,,,,,
3207966,19-030135,2,False,0109,6/15/2019 9:26:00 AM,926,03Y,14,109,Oakland,1,True,True,H,OTHER,,Saturday,,,,,False,False,False,,G,BICYCLE,,1,0,CLEAR,,NO UNUSUAL CONDITIONS - NO UNUSUAL CONDITIONS,,A,DAYLIGHT,,,,,,,G,APPROACHING/LEAVING SCHOOL BUS,,A,21453A,,1,7TH ST,1,,,A,,,MADISON ST,,,A,8/1/2024 1:45:14 PM,1/31/2025 11:53:56 AM,,,2,,,,,,,
3207951,19-032691,2,False,0109,6/28/2019 11:30:00 AM,1130,13X,14,109,Oakland,1,True,True,E,HIT OBJECT,,Friday,,,,,False,False,False,,I,FIXED OBJECT,,0,0,CLEAR,,NO UNUSUAL CONDITIONS - NO UNUSUAL CONDITIONS,,A,DAYLIGHT,,,,,,,A,NO PEDESTRIANS INVOLVED,,B,,,1,PERSHING DR,1,,,A,,,MARSH PL,,,D,8/1/2024 1:45:14 PM,1/31/2025 11:53:55 AM,,,2,,,,,,,
3207832,19-040991,2,False,0109,8/10/2019 6:58:00 PM,1858,27,14,109,Oakland,1,True,True,D,BROADSIDE,,Saturday,,,,,False,False,False,,C,OTHER MOTOR VEHICLE,,3,0,CLEAR,,NO UNUSUAL CONDITIONS - NO UNUSUAL CONDITIONS,,A,DAYLIGHT,,,,,,,A,NO PEDESTRIANS INVOLVED,,A,22107,,1,FOOTHILL BL,2,,,A,E,50.0,44TH AV,F,,A,8/1/2024 1:45:07 PM,1/31/2025 11:53:49 AM,,,2,,,,,,,
3207683,19-039414,2,False,0109,8/2/2019 8:59:00 AM,859,12X,14,109,Oakland,1,True,True,C,REAR END,,Friday,,,M,,False,False,False,,C,OTHER MOTOR VEHICLE,,0,0,CLEAR,,NO UNUSUAL CONDITIONS - NO UNUSUAL CONDITIONS,,A,DAYLIGHT,,,,,,,A,NO PEDESTRIANS INVOLVED,,A,22350,,1,BROADWAY,1,,,A,N,10.0,BROADWAY TR,F,,A,8/1/2024 1:44:59 PM,1/31/2025 11:53:40 AM,,,2,,,,,,,
3207682,19-037944,2,False,0109,7/25/2019 1:10:00 PM,1310,02X,14,109,Oakland,1,True,True,,,,Thursday,,,,,False,False,False,,,,,0,0,CLEAR,,NO UNUSUAL CONDITIONS - NO UNUSUAL CONDITIONS,,A,DAYLIGHT,,,,,,,,,,A,22107,,1,BRUSH ST,1,,,A,,,16TH ST,,,,8/1/2024 1:44:59 PM,1/31/2025 11:53:40 AM,,,2,,,,,,,
3207679,19-039457,2,False,0109,8/2/2019 3:50:00 PM,1550,13Y,14,109,Oakland,1,True,True,H,OTHER,,Friday,,,,,False,False,True,,J,OTHER OBJECT,,0,0,CLEAR,,NO UNUSUAL CONDITIONS - NO UNUSUAL CONDITIONS,,A,DAYLIGHT,,,,,,,A,NO PEDESTRIANS INVOLVED,,C,,,,CLAREMONT AV,1,,,A,N,3696.0,ALVARADO RD,F,,D,8/1/2024 1:44:59 PM,1/31/2025 11:53:40 AM,,,2,,,,,,,
3207675,19-040349,2,False,0109,8/7/2019 3:10:00 PM,1510,09X,14,109,Oakland,1,True,True,D,BROADSIDE,,Wednesday,,,,,False,False,False,,C,OTHER MOTOR VEHICLE,,0,0,CLEAR,,NO UNUSUAL CONDITIONS - NO UNUSUAL CONDITIONS,,A,DAYLIGHT,,,,,,,A,NO PEDESTRIANS INVOLVED,,A,22107,,1,HOWE ST,1,,,A,,,40TH ST,,,A,8/1/2024 1:44:58 PM,1/31/2025 11:53:40 AM,,,2,,,,,,,
3207671,19-039771,2,False,0109,8/4/2019 3:44:00 PM,1544,03X,14,109,Oakland,1,True,True,B,SIDE SWIPE,,Sunday,,,,,False,False,False,,C,OTHER MOTOR VEHICLE,,0,0,CLEAR,,NO UNUSUAL CONDITIONS - NO UNUSUAL CONDITIONS,,A,DAYLIGHT,,,,,,,A,NO PEDESTRIANS INVOLVED,,A,22107,,1,8TH ST,1,,,A,E,40.0,FRANKLIN ST,F,,D,8/1/2024 1:44:58 PM,1/31/2025 11:53:39 AM,,,2,,,,,,,
3207666,19-0395540,2,False,0109,8/3/2019 2:45:00 AM,245,29X,14,109,Oakland,1,True,True,A,HEAD-ON,,Saturday,,,,,False,False,False,,J,OTHER OBJECT,,0,0,CLEAR,,NO UNUSUAL CONDITIONS - NO UNUSUAL CONDITIONS,,C,DARK-STREET LIGHTS,,,,,,,A,NO PEDESTRIANS INVOLVED,,A,22107,,1,SUNKIST DR,2,,,A,,,BURCKHALTER AV,,,D,8/1/2024 1:44:58 PM,1/31/2025 11:53:39 AM,,,2,,,,,,,
3207645,19-039364,2,False,0109,8/1/2019 11:22:00 PM,2322,09X,14,109,Oakland,1,True,True,C,REAR END,,Thursday,,,,,False,False,True,,C,OTHER MOTOR VEHICLE,,0,0,CLEAR,,NO UNUSUAL CONDITIONS - NO UNUSUAL CONDITIONS,,C,DARK-STREET LIGHTS,,,,,,,A,NO PEDESTRIANS INVOLVED,,A,23152A,,1,BROADWAY,1,,,A,S,150.0,MACARTHUR BL,F,,A,8/1/2024 1:44:57 PM,1/31/2025 11:53:38 AM,,,2,,,,,,,
3207626,19-043899,2,False,0109,8/25/2019 3:06:00 AM,306,23X,14,109,Oakland,1,True,True,A,HEAD-ON,,Sunday,,,F,,False,False,False,,C,OTHER MOTOR VEHICLE,,1,0,CLEAR,,NO UNUSUAL CONDITIONS - NO UNUSUAL CONDITIONS,,C,DARK-STREET LIGHTS,,,,,,,A,NO PEDESTRIANS INVOLVED,,A,21453A,,1,FOOTHILL BL,2,,,A,,,HIGH ST,,,A,8/1/2024 1:44:56 PM,1/31/2025 11:53:37 AM,,,2,,,,,,,
3207618,19-041778,2,False,0109,8/14/2019 7:09:00 PM,1909,14Y,14,109,Oakland,1,True,True,D,BROADSIDE,,Wednesday,,,,,False,False,False,,C,OTHER MOTOR VEHICLE,,1,0,CLEAR,,NO UNUSUAL CONDITIONS - NO UNUSUAL CONDITIONS,,A,DAYLIGHT,,,,,,,A,NO PEDESTRIANS INVOLVED,,A,21801A,,1,LAKE PARK AV,1,,,A,,,WALKER AV,,,A,8/1/2024 1:44:55 PM,1/31/2025 11:53:36 AM,,,2,,,,,,,
3207610,19-041757,2,False,0109,8/14/2019 5:32:00 PM,1732,05X,14,109,Oakland,1,True,True,D,BROADSIDE,,Wednesday,,,,,False,False,False,,G,BICYCLE,,1,0,CLEAR,,NO UNUSUAL CONDITIONS - NO UNUSUAL CONDITIONS,,A,DAYLIGHT,,,,,,,B,CROSSING IN CROSS WALK AT INTERSECTION,,A,21950A,,1,18TH ST,1,,,A,W,5.0,WEST ST,F,,D,8/1/2024 1:44:55 PM,1/31/2025 11:53:36 AM,,,2,,,,,,,
3207607,19-041988,2,False,0109,8/15/2019 4:06:00 PM,1606,14X,14,109,Oakland,1,True,True,C,REAR END,,Thursday,,,,,False,False,False,,C,OTHER MOTOR VEHICLE,,1,0,CLEAR,,NO UNUSUAL CONDITIONS - NO UNUSUAL CONDITIONS,,A,DAYLIGHT,,,,,,,A,NO PEDESTRIANS INVOLVED,,A,22350,,1,HARRISON ST,1,,,A,,,27TH ST,,,A,8/1/2024 1:44:55 PM,1/31/2025 11:53:36 AM,,,2,,,,,,,
3207590,19-040008,2,False,0109,8/5/2019 7:05:00 PM,1905,30X,14,109,Oakland,1,True,True,G,VEHICLE/PEDESTRAIN,,Monday,,,M,,False,False,False,,B,PEDESTRIAN,,1,0,CLEAR,,NO UNUSUAL CONDITIONS - NO UNUSUAL CONDITIONS,,A,DAYLIGHT,,,,,,,F,NOT IN ROAD,,A,22106,,1,73RD AV,2,,,A,N,40.0,ARTHUR ST,F,,D,8/1/2024 1:44:54 PM,1/31/2025 11:53:35 AM,,,2,,,,,,,
3207586,19-044291,2,False,0109,8/27/2019 7:40:00 AM,740,04X,14,109,Oakland,1,True,True,D,BROADSIDE,,Tuesday,,,,,False,False,False,,C,OTHER MOTOR VEHICLE,,1,0,CLEAR,,NO UNUSUAL CONDITIONS - NO UNUSUAL CONDITIONS,,A,DAYLIGHT,,,,,,,A,NO PEDESTRIANS INVOLVED,,A,21453A,,1,17TH ST,1,,,A,,,JEFFERSON ST,,,A,8/1/2024 1:44:54 PM,1/31/2025 11:53:34 AM,,,2,,,,,,,
3207569,19-47802,2,False,0109,9/14/2019 4:20:00 AM,420,29X,14,109,Oakland,1,True,True,E,HIT OBJECT,,Saturday,,,,,False,False,False,,I,FIXED OBJECT,,0,0,CLEAR,,NO UNUSUAL CONDITIONS - NO UNUSUAL CONDITIONS,,C,DARK-STREET LIGHTS,,,,,,,A,NO PEDESTRIANS INVOLVED,,A,23152A,,1,73RD AV,2,,,A,N,60.0,BANTRY AV,F,,D,8/1/2024 1:44:53 PM,1/31/2025 11:53:34 AM,,,2,,,,,,,
3207504,19-026062,2,False,0109,5/24/2019 9:00:00 AM,900,16Y,14,109,Oakland,1,True,True,B,SIDE SWIPE,,Friday,,,,,False,False,False,,E,PARKED MOTOR VEHICLE,,0,0,CLEAR,,NO UNUSUAL CONDITIONS - NO UNUSUAL CONDITIONS,,A,DAYLIGHT,,,,,,,A,NO PEDESTRIANS INVOLVED,,A,22107,,1,MANDANA BL,1,,,A,N,1056.0,PORTAL,F,,D,8/1/2024 1:44:50 PM,1/31/2025 11:53:30 AM,,,2,,,,,,,
3207501,19-038347,2,False,0109,7/27/2019 7:37:00 PM,1937,31X,14,109,Oakland,1,True,True,B,SIDE SWIPE,,Saturday,,,,,False,False,False,,C,OTHER MOTOR VEHICLE,,0,0,CLEAR,,NO UNUSUAL CONDITIONS - NO UNUSUAL CONDITIONS,,A,DAYLIGHT,,,,,,,A,NO PEDESTRIANS INVOLVED,,A,22107,,1,SAN LEANDRO ST,2,,,A,,,40TH AV,,,D,8/1/2024 1:44:49 PM,1/31/2025 11:53:30 AM,,,2,,,,,,,
3207494,19-052625,2,False,0109,10/9/2019 8:55:00 AM,855,27X,14,109,Oakland,1,True,True,D,BROADSIDE,,Wednesday,,,,,False,False,True,,C,OTHER MOTOR VEHICLE,,0,0,CLEAR,,NO UNUSUAL CONDITIONS - NO UNUSUAL CONDITIONS,,A,DAYLIGHT,,,,,,,A,NO PEDESTRIANS INVOLVED,,A,21453A,,1,BANCROFT AV,2,,,A,,,FAIRFAX AV,,,A,8/1/2024 1:44:49 PM,1/31/2025 11:53:29 AM,,,2,,,,,,,
3207493,19-053962,2,False,0109,10/14/2019 2:55:00 PM,1455,21Y,14,109,Oakland,1,True,True,C,REAR END,,Monday,,,M,,False,False,False,,C,OTHER MOTOR VEHICLE,,0,0,CLEAR,,NO UNUSUAL CONDITIONS - NO UNUSUAL CONDITIONS,,A,DAYLIGHT,,,,,,,B,CROSSING IN CROSS WALK AT INTERSECTION,,A,22107,,1,FOOTHILL BL,1,,,A,,,33RD AV,,,D,8/1/2024 1:44:49 PM,1/31/2025 11:53:29 AM,,,2,,,,,,,
3207374,19-048618,2,False,0109,9/18/2019 5:31:00 PM,1731,31X,14,109,Oakland,1,True,True,E,HIT OBJECT,,Wednesday,,,,,False,False,True,,I,FIXED OBJECT,,0,0,CLEAR,,NO UNUSUAL CONDITIONS - NO UNUSUAL CONDITIONS,,A,DAYLIGHT,,,,,,,A,NO PEDESTRIANS INVOLVED,,A,23152A,,1,HEGENBERGER RD,2,,,A,N,240.0,AIRPORT ACCESS RD,F,,D,8/1/2024 1:44:43 PM,1/31/2025 11:53:22 AM,,,2,,,,,,,
3207371,19-038894,2,False,0109,7/30/2019 7:59:00 PM,1959,01X,14,109,Oakland,1,True,True,B,SIDE SWIPE,,Tuesday,,,M,,False,False,False,,C,OTHER MOTOR VEHICLE,,0,0,CLEAR,,NO UNUSUAL CONDITIONS - NO UNUSUAL CONDITIONS,,B,DUSK-DAWN,,,,,,,A,NO PEDESTRIANS INVOLVED,,A,21461A,,1,5TH ST,1,,,A,,,BROADWAY,,,A,8/1/2024 1:44:43 PM,1/31/2025 11:53:22 AM,,,2,,,,,,,
3207366,19-015934,2,False,0109,3/31/2019 5:16:00 PM,1716,20X,14,109,Oakland,1,True,True,D,BROADSIDE,,Sunday,,,M,,False,False,True,,E,PARKED MOTOR VEHICLE,,0,0,CLEAR,,NO UNUSUAL CONDITIONS - NO UNUSUAL CONDITIONS,,A,DAYLIGHT,,,,,,,A,NO PEDESTRIANS INVOLVED,,A,22350,,1,E 12TH ST,1,,,A,E,25.0,26TH AV,F,,D,8/1/2024 1:44:42 PM,1/31/2025 11:53:22 AM,,,2,,,,,,,
3207362,19-038455,2,False,0109,7/28/2019 10:58:00 AM,1058,06X,14,109,Oakland,1,True,True,G,VEHICLE/PEDESTRAIN,,Sunday,,,,,False,False,False,,C,OTHER MOTOR VEHICLE,,1,0,CLEAR,,NO UNUSUAL CONDITIONS - NO UNUSUAL CONDITIONS,,A,DAYLIGHT,,,,,,,D,CROSSING - NOT IN CROSSWALK,,A,21453A,,1,40TH ST,1,,,A,,,MARTIN LUTHER KING JR WY,,,A,8/1/2024 1:44:42 PM,1/31/2025 11:53:22 AM,,,2,,,,,,,
3207358,19-036950,2,False,0109,7/20/2019 1:58:00 PM,1358,30X,14,109,Oakland,1,True,True,G,VEHICLE/PEDESTRAIN,,Saturday,,,,,False,False,False,,B,PEDESTRIAN,,0,0,CLEAR,,NO UNUSUAL CONDITIONS - NO UNUSUAL CONDITIONS,,A,DAYLIGHT,,,,,,,B,CROSSING IN CROSS WALK AT INTERSECTION,,A,21950A,,1,73RD AV,2,,,A,,,BANCROFT AV,,,A,8/1/2024 1:44:42 PM,1/31/2025 11:53:22 AM,,,2,,,,,,,
3207356,19-034327,2,False,0109,7/7/2019 2:04:00 PM,1404,32X,14,109,Oakland,1,True,True,B,SIDE SWIPE,,Sunday,,,M,,False,False,False,,E,PARKED MOTOR VEHICLE,,0,0,CLEAR,,NO UNUSUAL CONDITIONS - NO UNUSUAL CONDITIONS,,A,DAYLIGHT,,,,,,,A,NO PEDESTRIANS INVOLVED,,A,22107,,1,BIRCH ST,2,,,A,E,30.0,98TH ST,F,,D,8/1/2024 1:44:42 PM,1/31/2025 11:53:21 AM,,,2,,,,,,,
3207349,19-038179,2,False,0109,7/26/2019 6:58:00 PM,1858,31X,14,109,Oakland,1,True,True,B,SIDE SWIPE,,Friday,,,M,,False,False,False,,C,OTHER MOTOR VEHICLE,,0,0,CLEAR,,NO UNUSUAL CONDITIONS - NO UNUSUAL CONDITIONS,,A,DAYLIGHT,,,,,,,A,NO PEDESTRIANS INVOLVED,,A,22107,,1,HEGENBERGER RD,2,,,A,E,49.0,COLLINS DR,F,,A,8/1/2024 1:44:41 PM,1/31/2025 11:53:21 AM,,,2,,,,,,,
3207343,19-037689,2,False,0109,7/11/2019 12:00:00 PM,1200,02X,14,109,Oakland,1,True,True,B,SIDE SWIPE,,Thursday,,,M,,False,False,False,,C,OTHER MOTOR VEHICLE,,0,0,CLEAR,,NO UNUSUAL CONDITIONS - NO UNUSUAL CONDITIONS,,A,DAYLIGHT,,,,,,,A,NO PEDESTRIANS INVOLVED,,A,21800A,,1,6TH ST,1,,,A,,,MARKET ST,,,A,8/1/2024 1:44:41 PM,1/31/2025 11:53:21 AM,,,2,,,,,,,
3207088,19-028129,2,False,0109,6/4/2019 5:40:00 PM,1740,18Y,14,109,Oakland,1,True,True,B,SIDE SWIPE,,Tuesday,,,,,False,False,True,,C,OTHER MOTOR VEHICLE,,0,0,CLEAR,,NO UNUSUAL CONDITIONS - NO UNUSUAL CONDITIONS,,A,DAYLIGHT,,,,,,,A,NO PEDESTRIANS INVOLVED,,A,22107,,1,14TH AV,1,,,A,N,40.0,E 22ND ST,F,,D,8/1/2024 1:44:28 PM,1/31/2025 11:53:06 AM,,,2,,,,,,,
3206396,19-048332,2,False,0109,9/17/2019 9:00:00 AM,900,03Y,14,109,Oakland,1,True,True,C,REAR END,,Tuesday,,,M,,False,False,False,,C,OTHER MOTOR VEHICLE,,0,0,CLEAR,,NO UNUSUAL CONDITIONS - NO UNUSUAL CONDITIONS,,A,DAYLIGHT,,,,,,,A,NO PEDESTRIANS INVOLVED,,A,22350,,1,MARKET ST,1,,,A,,,18TH ST,,,A,8/1/2024 1:43:54 PM,1/31/2025 11:52:29 AM,,,2,,,,,,,
3206392,19-047109,2,False,0109,9/10/2019 8:40:00 PM,2040,26Y,14,109,Oakland,1,True,True,B,SIDE SWIPE,,Tuesday,,,M,,False,False,False,,C,OTHER MOTOR VEHICLE,,0,0,CLEAR,,NO UNUSUAL CONDITIONS - NO UNUSUAL CONDITIONS,,C,DARK-STREET LIGHTS,,,,,,,A,NO PEDESTRIANS INVOLVED,,A,22107,,1,SEMINARY AV,2,,,A,S,5.0,INTERNATIONAL BL,F,,A,8/1/2024 1:43:53 PM,1/31/2025 11:52:28 AM,,,2,,,,,,,