collision-id,report-number,report-version,is-preliminary,ncic-code,crash-date-time,crash-time-description,beat,city-id,city-code,city-name,county-code,city-is-active,city-is-incorporated,collision-type-code,collision-type-description,collision-type-other-desc,day-of-week,dispatch-notified,has-photographs,hit-run,is-attachments-mailed,is-deleted,is-highway-related,is-tow-away,judicial-district,motor-vehicle-involved-with-code,motor-vehicle-involved-with-desc,motor-vehicle-involved-with-other-desc,number-injured,number-killed,weather-1,weather-2,road-condition-1,road-condition-2,special-condition-lighting-code,lighting-description,latitude,longitude,milepost-direction,milepost-distance,milepost-marker,milepost-unit-of-measure,pedestrian-action-code,pedestrian-action-desc,prepared-date,primary-collision-factor-code,primary-collision-factor-violation,primary-collision-factor-is-cited,primary-collision-party-number,primary-road,reporting-district,reporting-district-code,reviewed-date,roadway-surface-code,secondary-direction,secondary-distance,secondary-road,secondary-unit-of-measure,sketch-desc,traffic-control-device-code,created-date,modified-date,is-county-road,is-freeway,chp-555-version,is-additonal-object-struck,notification-date,notification-time-description,has-digital-media-files,evidence-number,is-location-refer-to-narrative,is-aoi-one-same-as-location
3225630,19-041870,2,False,0109,8/15/2019 6:58:00 AM,658,05Y,14,109,Oakland,1,True,True,H,OTHER,,Thursday,,,,,False,False,False,,C,OTHER MOTOR VEHICLE,,0,0,CLEAR,,NO UNUSUAL CONDITIONS - NO UNUSUAL CONDITIONS,,A,DAYLIGHT,,,,,,,A,NO PEDESTRIANS INVOLVED,,A,21453A,,1,27TH ST,1,,,A,,,MARTIN LUTHER KING,,,A,8/1/2024 2:04:57 PM,1/31/2025 12:11:43 PM,,,2,,,,,,,
3225628,19-042510,2,False,0109,8/18/2019 1:33:00 AM,133,02X,14,109,Oakland,1,True,True,B,SIDE SWIPE,,Sunday,,,,,False,False,False,,C,OTHER MOTOR VEHICLE,,0,0,CLEAR,,NO UNUSUAL CONDITIONS - NO UNUSUAL CONDITIONS,,C,DARK-STREET LIGHTS,,,,,,,A,NO PEDESTRIANS INVOLVED,,A,22450A,,1,8TH ST,1,,,A,,,FILBERT ST,,,A,8/1/2024 2:04:57 PM,1/31/2025 12:11:43 PM,,,2,,,,,,,
3225622,19-043289,2,False,0109,8/21/2019 10:24:00 PM,2224,19X,14,109,Oakland,1,True,True,D,BROADSIDE,,Wednesday,,,,,False,False,False,,C,OTHER MOTOR VEHICLE,,1,0,CLEAR,,NO UNUSUAL CONDITIONS - NO UNUSUAL CONDITIONS,,C,DARK-STREET LIGHTS,,,,,,,A,NO PEDESTRIANS INVOLVED,,A,21802A,,1,E 15TH ST,1,,,A,,,2ND AV,,,A,8/1/2024 2:04:57 PM,1/31/2025 12:11:42 PM,,,2,,,,,,,
3225617,19-039687,2,False,0109,8/4/2019 12:38:00 AM,38,23X,14,109,Oakland,1,True,True,H,OTHER,,Sunday,,,,,False,False,True,,E,PARKED MOTOR VEHICLE,,1,0,CLOUDY,,NO UNUSUAL CONDITIONS - NO UNUSUAL CONDITIONS,,C,DARK-STREET LIGHTS,,,,,,,A,NO PEDESTRIANS INVOLVED,,A,22107,,1,35TH AV,2,,,A,S,100.0,FOOTHILL BL,F,,D,8/1/2024 2:04:56 PM,1/31/2025 12:11:42 PM,,,2,,,,,,,
3225613,19-044899,2,False,0109,8/29/2019 10:05:00 PM,2205,27X,14,109,Oakland,1,True,True,D,BROADSIDE,,Thursday,,,,,False,False,False,,C,OTHER MOTOR VEHICLE,,1,0,CLEAR,,NO UNUSUAL CONDITIONS - NO UNUSUAL CONDITIONS,,C,DARK-STREET LIGHTS,,,,,,,A,NO PEDESTRIANS INVOLVED,,A,21453A,,,INTERNATIONAL BL,2,,,A,,,50TH AV,,,A,8/1/2024 2:04:56 PM,1/31/2025 12:11:42 PM,,,2,,,,,,,
3225608,19-045038,2,False,0109,8/30/2019 4:47:00 PM,1647,22X,14,109,Oakland,1,True,True,C,REAR END,,Friday,,,,,False,False,False,,C,OTHER MOTOR VEHICLE,,3,0,CLEAR,,NO UNUSUAL CONDITIONS - NO UNUSUAL CONDITIONS,,A,DAYLIGHT,,,,,,,A,NO PEDESTRIANS INVOLVED,,A,22350,,1,MONTANA ST,1,,,A,E,25.0,COOLIDGE AV,F,,A,8/1/2024 2:04:55 PM,1/31/2025 12:11:42 PM,,,2,,,,,,,
3225604,19-044879,2,False,0109,8/29/2019 7:50:00 PM,1950,23X,14,109,Oakland,1,True,True,D,BROADSIDE,,Thursday,,,,,False,False,False,,C,OTHER MOTOR VEHICLE,,1,0,CLEAR,,NO UNUSUAL CONDITIONS - NO UNUSUAL CONDITIONS,,C,DARK-STREET LIGHTS,,,,,,,A,NO PEDESTRIANS INVOLVED,,A,21801A,,1,FRUITVALE AV,2,,,A,,,E 17TH ST,,,D,8/1/2024 2:04:55 PM,1/31/2025 12:11:41 PM,,,2,,,,,,,
3225601,19-044004,2,False,0109,8/25/2019 4:10:00 PM,1610,09X,14,109,Oakland,1,True,True,A,HEAD-ON,,Sunday,,,M,,False,False,False,,B,PEDESTRIAN,,1,0,CLEAR,,NO UNUSUAL CONDITIONS - NO UNUSUAL CONDITIONS,,A,DAYLIGHT,,,,,,,D,CROSSING - NOT IN CROSSWALK,,A,21950A,,1,MACARTHUR BL,1,,,A,W,100.0,HARRISON ST,F,,A,8/1/2024 2:04:55 PM,1/31/2025 12:11:41 PM,,,2,,,,,,,
3225600,19-041835,2,False,0109,8/15/2019 12:37:00 AM,37,20X,14,109,Oakland,1,True,True,B,SIDE SWIPE,,Thursday,,,,,False,False,False,,C,OTHER MOTOR VEHICLE,,0,0,CLEAR,,NO UNUSUAL CONDITIONS - NO UNUSUAL CONDITIONS,,C,DARK-STREET LIGHTS,,,,,,,A,NO PEDESTRIANS INVOLVED,,D,,,,INTERNATIONAL BL,1,,,A,W,10.0,27TH AV,F,,A,8/1/2024 2:04:55 PM,1/31/2025 12:11:41 PM,,,2,,,,,,,
3225597,19-042088,2,False,0109,8/16/2019 5:55:00 AM,555,26Y,14,109,Oakland,1,True,True,C,REAR END,,Friday,,,F,,False,False,False,,G,BICYCLE,,1,0,CLEAR,,NO UNUSUAL CONDITIONS - NO UNUSUAL CONDITIONS,,B,DUSK-DAWN,,,,,,,A,NO PEDESTRIANS INVOLVED,,A,21209A,,1,INTERNATIONAL BL,2,,,A,W,30.0,65TH AV,F,,A,8/1/2024 2:04:55 PM,1/31/2025 12:11:41 PM,,,2,,,,,,,
3225596,19-040412,2,False,0109,8/7/2019 9:21:00 PM,2121,27X,14,109,Oakland,1,True,True,C,REAR END,,Wednesday,,,,,False,False,False,,C,OTHER MOTOR VEHICLE,,0,0,CLEAR,,NO UNUSUAL CONDITIONS - NO UNUSUAL CONDITIONS,,C,DARK-STREET LIGHTS,,,,,,,A,NO PEDESTRIANS INVOLVED,,A,21751,,,HIGH ST,2,,,A,,,COURTLAND AV,,,A,8/1/2024 2:04:54 PM,1/31/2025 12:11:41 PM,,,2,,,,,,,
3225594,19-039830,2,False,0109,8/4/2019 9:51:00 PM,2151,34X,14,109,Oakland,1,True,True,G,VEHICLE/PEDESTRAIN,,Sunday,,,M,,False,False,False,,B,PEDESTRIAN,,1,0,CLEAR,,NO UNUSUAL CONDITIONS - NO UNUSUAL CONDITIONS,,C,DARK-STREET LIGHTS,,,,,,,E,IN ROAD - INCLUDES SHOULDER,,A,22107,,1,94TH AV,2,,,A,N,5.0,CHERRY,F,,A,8/1/2024 2:04:54 PM,1/31/2025 12:11:41 PM,,,2,,,,,,,
3225590,19-044192,2,False,0109,8/26/2019 3:32:00 PM,1532,04X,14,109,Oakland,1,True,True,D,BROADSIDE,,Monday,,,,,False,False,False,,C,OTHER MOTOR VEHICLE,,0,0,CLEAR,,NO UNUSUAL CONDITIONS - NO UNUSUAL CONDITIONS,,A,DAYLIGHT,,,,,,,A,NO PEDESTRIANS INVOLVED,,A,21453A,,,14TH ST,1,,,A,,,HARRISON ST,,,A,8/1/2024 2:04:54 PM,1/31/2025 12:11:41 PM,,,2,,,,,,,
3225588,19-040860,2,False,0109,8/10/2019 12:37:00 AM,37,07X,14,109,Oakland,1,True,True,B,SIDE SWIPE,,Saturday,,,M,,False,False,False,,B,PEDESTRIAN,,1,0,CLEAR,,NO UNUSUAL CONDITIONS - NO UNUSUAL CONDITIONS,,C,DARK-STREET LIGHTS,,,,,,,C,CROSSING IN CROSS WALK - NOT AT INTERSECTION,,A,21950A,,1,ATHENS AV,1,,,A,E,100.0,SAN PABLO AV,F,,D,8/1/2024 2:04:54 PM,1/31/2025 12:11:40 PM,,,2,,,,,,,
3225587,19-045073,2,False,0109,8/30/2019 9:59:00 PM,2159,35X,14,109,Oakland,1,True,True,B,SIDE SWIPE,,Friday,,,,,False,False,True,,C,OTHER MOTOR VEHICLE,,0,0,CLEAR,,NO UNUSUAL CONDITIONS - NO UNUSUAL CONDITIONS,,C,DARK-STREET LIGHTS,,,,,,,A,NO PEDESTRIANS INVOLVED,,A,21460A,,1,GOLF LINKS RD,2,,,A,S,150.0,EL MONTE AV,F,,D,8/1/2024 2:04:54 PM,1/31/2025 12:11:40 PM,,,2,,,,,,,
3225583,19-043705,2,False,0109,8/23/2019 11:02:00 PM,2302,08X,14,109,Oakland,1,True,True,B,SIDE SWIPE,,Friday,,,M,,False,False,False,,E,PARKED MOTOR VEHICLE,,0,0,CLEAR,,NO UNUSUAL CONDITIONS - NO UNUSUAL CONDITIONS,,C,DARK-STREET LIGHTS,,,,,,,A,NO PEDESTRIANS INVOLVED,,A,21658A,,1,24TH ST,1,,,A,E,50.0,TELEGRAPH AV,F,,D,8/1/2024 2:04:54 PM,1/31/2025 12:11:40 PM,,,2,,,,,,,
3225581,19-042064,2,False,0109,8/16/2019 12:48:00 AM,48,15X,14,109,Oakland,1,True,True,B,SIDE SWIPE,,Friday,,,M,,False,False,False,,C,OTHER MOTOR VEHICLE,,1,0,CLOUDY,,NO UNUSUAL CONDITIONS - NO UNUSUAL CONDITIONS,,C,DARK-STREET LIGHTS,,,,,,,A,NO PEDESTRIANS INVOLVED,,A,22107,,2,LAKESHORE AV,1,,,A,N,80.0,E 18TH ST,F,,D,8/1/2024 2:04:53 PM,1/31/2025 12:11:40 PM,,,2,,,,,,,
3225579,19-039420,2,False,0109,8/2/2019 10:14:00 AM,1014,30Y,14,109,Oakland,1,True,True,H,OTHER,,Friday,,,M,,False,False,False,,I,FIXED OBJECT,,0,0,CLEAR,,NO UNUSUAL CONDITIONS - NO UNUSUAL CONDITIONS,,A,DAYLIGHT,,,,,,,A,NO PEDESTRIANS INVOLVED,,A,22106,,1,SUNKIST DR,2,,,A,E,400.0,COLUMBIAN DR,F,,D,8/1/2024 2:04:53 PM,1/31/2025 12:11:40 PM,,,2,,,,,,,
3225576,19-044171,2,False,0109,8/26/2019 12:55:00 PM,1255,04X,14,109,Oakland,1,True,True,B,SIDE SWIPE,,Monday,,,M,,False,False,False,,C,OTHER MOTOR VEHICLE,,2,0,CLEAR,,NO UNUSUAL CONDITIONS - NO UNUSUAL CONDITIONS,,A,DAYLIGHT,,,,,,,A,NO PEDESTRIANS INVOLVED,,A,21461A,,1,12TH ST,1,,,A,,,CASTRO ST,,,A,8/1/2024 2:04:53 PM,1/31/2025 12:11:40 PM,,,2,,,,,,,
3225575,19-041984,2,False,0109,8/15/2019 3:54:00 PM,1554,26X,14,109,Oakland,1,True,True,B,SIDE SWIPE,,Thursday,,,M,,False,False,False,,C,OTHER MOTOR VEHICLE,,0,0,CLEAR,,NO UNUSUAL CONDITIONS - NO UNUSUAL CONDITIONS,,A,DAYLIGHT,,,,,,,A,NO PEDESTRIANS INVOLVED,,A,22350,,1,65TH AV,2,,,A,N,0.25,EASTLAWN ST,M,,D,8/1/2024 2:04:53 PM,1/31/2025 12:11:40 PM,,,2,,,,,,,
3225565,19-046392,2,False,0109,9/6/2019 3:22:00 PM,1522,04X,14,109,Oakland,1,True,True,D,BROADSIDE,,Friday,,,M,,False,False,False,,J,OTHER OBJECT,,1,0,CLEAR,,NO UNUSUAL CONDITIONS - NO UNUSUAL CONDITIONS,,A,DAYLIGHT,,,,,,,A,NO PEDESTRIANS INVOLVED,,A,21453A,,1,20TH ST,1,,,A,,,WEBSTER ST,,,A,8/1/2024 2:04:52 PM,1/31/2025 12:11:39 PM,,,2,,,,,,,
3225561,19-046363,2,False,0109,9/6/2019 12:42:00 PM,1242,27X,14,109,Oakland,1,True,True,B,SIDE SWIPE,,Friday,,,M,,False,False,True,,C,OTHER MOTOR VEHICLE,,1,0,CLEAR,,NO UNUSUAL CONDITIONS - NO UNUSUAL CONDITIONS,,A,DAYLIGHT,,,,,,,A,NO PEDESTRIANS INVOLVED,,A,22350,,1,FOOTHILL BL,2,,,A,,,HIGH ST,,,A,8/1/2024 2:04:52 PM,1/31/2025 12:11:39 PM,,,2,,,,,,,
3225559,19-043308,2,False,0109,8/22/2019 12:29:00 AM,29,33X,14,109,Oakland,1,True,True,C,REAR END,,Thursday,,,,,False,False,False,,C,OTHER MOTOR VEHICLE,,3,0,CLEAR,,NO UNUSUAL CONDITIONS - NO UNUSUAL CONDITIONS,,C,DARK-STREET LIGHTS,,,,,,,A,NO PEDESTRIANS INVOLVED,,A,22350,,1,INTERNATIONAL BL,2,,,A,W,30.0,84TH AV,F,,A,8/1/2024 2:04:52 PM,1/31/2025 12:11:39 PM,,,2,,,,,,,
3225558,19-045403,2,False,0109,9/1/2019 10:12:00 PM,2212,2212,14,109,Oakland,1,True,True,C,REAR END,,Sunday,,,,,False,False,True,,E,PARKED MOTOR VEHICLE,,2,0,CLEAR,,NO UNUSUAL CONDITIONS - NO UNUSUAL CONDITIONS,,C,DARK-STREET LIGHTS,,,,,,,A,NO PEDESTRIANS INVOLVED,,A,23152F,,1,35TH AV,2,,,A,N,60.0,MACARTHUR BL,F,,A,8/1/2024 2:04:52 PM,1/31/2025 12:11:38 PM,,,2,,,,,,,
3223663,19-043277,2,False,0109,8/21/2019 8:50:00 PM,2050,33X,14,109,Oakland,1,True,True,D,BROADSIDE,,Wednesday,,,F,,False,False,False,,C,OTHER MOTOR VEHICLE,,3,0,CLEAR,,NO UNUSUAL CONDITIONS - NO UNUSUAL CONDITIONS,,D,DARK-NO STREET LIGHTS,,,,,,,A,NO PEDESTRIANS INVOLVED,,A,22450A,,1,87TH AV,2,,,A,,,B ST,,,A,8/1/2024 2:02:14 PM,1/31/2025 12:09:36 PM,,,2,,,,,,,
3223658,19-041321,2,False,0109,8/12/2019 2:50:00 PM,1450,08X,14,109,Oakland,1,True,True,A,HEAD-ON,,Monday,,,M,,False,False,False,,G,BICYCLE,,1,0,CLEAR,,NO UNUSUAL CONDITIONS - NO UNUSUAL CONDITIONS,,A,DAYLIGHT,,,,,,,A,NO PEDESTRIANS INVOLVED,,A,22517,,1,TELEGRAPH AV,1,,,A,,,36TH ST,,,D,8/1/2024 2:02:14 PM,1/31/2025 12:09:35 PM,,,2,,,,,,,
3223654,19-042970,2,False,0109,8/20/2019 12:33:00 PM,1233,13X,14,109,Oakland,1,True,True,C,REAR END,,Tuesday,,,,,False,True,False,,G,BICYCLE,,1,0,CLEAR,,NO UNUSUAL CONDITIONS - NO UNUSUAL CONDITIONS,,A,DAYLIGHT,,,,,,,A,NO PEDESTRIANS INVOLVED,,A,22107,,1,TUNNEL RD,1,,,A,,,RT 13,,,D,8/1/2024 2:02:14 PM,1/31/2025 12:09:35 PM,,,2,,,,,,,
3223649,19-042838,2,False,0109,8/19/2019 6:08:00 PM,1808,03Y,14,109,Oakland,1,True,True,D,BROADSIDE,,Monday,,,,,False,False,False,,C,OTHER MOTOR VEHICLE,,3,0,CLEAR,,NO UNUSUAL CONDITIONS - NO UNUSUAL CONDITIONS,,A,DAYLIGHT,,,,,,,A,NO PEDESTRIANS INVOLVED,,A,21802A,,1,5TH ST,1,,,A,,,CASTRO ST,,,A,8/1/2024 2:02:13 PM,1/31/2025 12:09:35 PM,,,2,,,,,,,
3223645,19-043035,2,False,0109,8/20/2019 5:25:00 PM,1725,05X,14,109,Oakland,1,True,True,D,BROADSIDE,,Tuesday,,,,,False,False,False,,C,OTHER MOTOR VEHICLE,,2,0,CLEAR,,NO UNUSUAL CONDITIONS - NO UNUSUAL CONDITIONS,,A,DAYLIGHT,,,,,,,A,NO PEDESTRIANS INVOLVED,,A,22103,,1,MARKET ST,1,,,A,S,40.0,21ST ST,F,,A,8/1/2024 2:02:13 PM,1/31/2025 12:09:35 PM,,,2,,,,,,,
3223641,19-041355,2,False,0109,8/12/2019 6:14:00 PM,1814,06X,14,109,Oakland,1,True,True,B,SIDE SWIPE,,Monday,,,,,False,False,False,,C,OTHER MOTOR VEHICLE,,1,0,CLEAR,,NO UNUSUAL CONDITIONS - NO UNUSUAL CONDITIONS,,A,DAYLIGHT,,,,,,,A,NO PEDESTRIANS INVOLVED,,A,21801A,,1,MARTIN LUTHER KING JR WY,1,,,A,,,29TH ST,,,A,8/1/2024 2:02:13 PM,1/31/2025 12:09:34 PM,,,2,,,,,,,
3223638,19-039235,2,False,0109,8/1/2019 10:47:00 AM,1047,17Y,14,109,Oakland,1,True,True,B,SIDE SWIPE,,Thursday,,,,,False,False,True,,C,OTHER MOTOR VEHICLE,,1,0,CLEAR,CLOUDY,NO UNUSUAL CONDITIONS - NO UNUSUAL CONDITIONS,,A,DAYLIGHT,,,,,,,A,NO PEDESTRIANS INVOLVED,,A,21453A,,1,BEAUMONT AV,1,,,A,,,MACARTHUR BL,,,A,8/1/2024 2:02:13 PM,1/31/2025 12:09:34 PM,,,2,,,,,,,
3223633,19-039341,2,False,0109,8/1/2019 10:15:00 PM,2215,05X,14,109,Oakland,1,True,True,G,VEHICLE/PEDESTRAIN,,Thursday,,,F,,False,False,False,,B,PEDESTRIAN,,1,0,CLEAR,,NO UNUSUAL CONDITIONS - NO UNUSUAL CONDITIONS,,C,DARK-STREET LIGHTS,,,,,,,B,CROSSING IN CROSS WALK AT INTERSECTION,,A,21453A,,1,14TH ST,1,,,A,,,ADELINE ST,,,A,8/1/2024 2:02:12 PM,1/31/2025 12:09:34 PM,,,2,,,,,,,
3223630,19-043444,2,False,0109,8/22/2019 3:49:00 PM,1549,18X,14,109,Oakland,1,True,True,D,BROADSIDE,,Thursday,,,,,False,False,True,,C,OTHER MOTOR VEHICLE,,3,0,CLEAR,,NO UNUSUAL CONDITIONS - NO UNUSUAL CONDITIONS,,A,DAYLIGHT,,,,,,,A,NO PEDESTRIANS INVOLVED,,A,22450A,,1,E 21ST ST,1,,,A,,,19TH AV,,,D,8/1/2024 2:02:12 PM,1/31/2025 12:09:34 PM,,,2,,,,,,,
3223628,19-042033,2,False,0109,8/15/2019 9:53:00 PM,2153,30X,14,109,Oakland,1,True,True,D,BROADSIDE,,Thursday,,,M,,False,False,False,,C,OTHER MOTOR VEHICLE,,1,0,CLEAR,,NO UNUSUAL CONDITIONS - NO UNUSUAL CONDITIONS,,C,DARK-STREET LIGHTS,,,,,,,A,NO PEDESTRIANS INVOLVED,,A,21453A,,1,73RD AV,2,,,A,,,WELD ST,,,A,8/1/2024 2:02:12 PM,1/31/2025 12:09:33 PM,,,2,,,,,,,
3223624,19-042578,2,False,0109,8/18/2019 2:30:00 PM,1430,05X,14,109,Oakland,1,True,True,D,BROADSIDE,,Sunday,,,M,,False,False,False,,C,OTHER MOTOR VEHICLE,,1,0,CLEAR,,NO UNUSUAL CONDITIONS - NO UNUSUAL CONDITIONS,,A,DAYLIGHT,,,,,,,A,NO PEDESTRIANS INVOLVED,,A,21453A,,1,17TH ST,1,,,A,,,BRUSH ST,,,A,8/1/2024 2:02:11 PM,1/31/2025 12:09:33 PM,,,2,,,,,,,
3223620,19-042732,2,False,0109,8/19/2019 11:06:00 AM,1106,03X,14,109,Oakland,1,True,True,H,OTHER,,Monday,,,,,False,False,True,,C,OTHER MOTOR VEHICLE,,1,0,CLEAR,,NO UNUSUAL CONDITIONS - NO UNUSUAL CONDITIONS,,A,DAYLIGHT,,,,,,,A,NO PEDESTRIANS INVOLVED,,A,21453A,,1,7TH ST,1,,,A,,,WEBSTER ST,,,A,8/1/2024 2:02:11 PM,1/31/2025 12:09:33 PM,,,2,,,,,,,
3223617,19-044565,2,False,0109,8/28/2019 10:33:00 AM,1033,31X,14,109,Oakland,1,True,True,D,BROADSIDE,,Wednesday,,,,,False,False,False,,C,OTHER MOTOR VEHICLE,,3,0,CLEAR,,NO UNUSUAL CONDITIONS - NO UNUSUAL CONDITIONS,,A,DAYLIGHT,,,,,,,A,NO PEDESTRIANS INVOLVED,,A,21802A,,1,COLISEUM WY,2,,,A,W,0.5,HEGENBERGER RD,M,,D,8/1/2024 2:02:11 PM,1/31/2025 12:09:33 PM,,,2,,,,,,,
3223603,19-043630,2,False,0109,8/23/2019 4:00:00 PM,1600,07X,14,109,Oakland,1,True,True,C,REAR END,,Friday,,,M,,False,False,True,,E,PARKED MOTOR VEHICLE,,0,0,CLEAR,,NO UNUSUAL CONDITIONS - NO UNUSUAL CONDITIONS,,A,DAYLIGHT,,,,,,,A,NO PEDESTRIANS INVOLVED,,A,22107,,1,34TH ST,1,,,A,E,25.0,CHESTNUT,F,,D,8/1/2024 2:02:10 PM,1/31/2025 12:09:32 PM,,,2,,,,,,,
3223600,19-039172,2,False,0109,8/1/2019 8:58:00 AM,858,19X,14,109,Oakland,1,True,True,B,SIDE SWIPE,,Thursday,,,,,False,False,False,,C,OTHER MOTOR VEHICLE,,0,0,CLEAR,,NO UNUSUAL CONDITIONS - NO UNUSUAL CONDITIONS,,A,DAYLIGHT,,,,,,,A,NO PEDESTRIANS INVOLVED,,A,21804A,,1,22ND AV,1,,,A,E,20.0,12TH ST,F,,D,8/1/2024 2:02:10 PM,1/31/2025 12:09:32 PM,,,2,,,,,,,
3223596,19-040525,2,False,0109,8/8/2019 11:37:00 AM,1137,02X,14,109,Oakland,1,True,True,A,HEAD-ON,,Thursday,,,,,False,False,False,,I,FIXED OBJECT,,0,0,CLEAR,,NO UNUSUAL CONDITIONS - NO UNUSUAL CONDITIONS,,A,DAYLIGHT,,,,,,,A,NO PEDESTRIANS INVOLVED,,A,22107,,1,KIRKHAM ST,1,,,A,S,50.0,7TH ST,F,,A,8/1/2024 2:02:09 PM,1/31/2025 12:09:32 PM,,,2,,,,,,,
3223591,19-043475,2,False,0109,8/22/2019 6:10:00 PM,1810,12Y,14,109,Oakland,1,True,True,B,SIDE SWIPE,,Thursday,,,,,False,False,False,,C,OTHER MOTOR VEHICLE,,0,0,CLEAR,,NO UNUSUAL CONDITIONS - NO UNUSUAL CONDITIONS,,A,DAYLIGHT,,,,,,,A,NO PEDESTRIANS INVOLVED,,A,22100B,,1,KEITH AV,1,,,A,W,5.0,BROADWAY,F,,A,8/1/2024 2:02:09 PM,1/31/2025 12:09:31 PM,,,2,,,,,,,
3223588,19-041525,2,False,0109,8/16/2019 2:54:00 PM,1454,22X,14,109,Oakland,1,True,True,D,BROADSIDE,,Friday,,,,,False,False,False,,C,OTHER MOTOR VEHICLE,,0,0,CLEAR,,NO UNUSUAL CONDITIONS - NO UNUSUAL CONDITIONS,,A,DAYLIGHT,,,,,,,A,NO PEDESTRIANS INVOLVED,,A,21802A,,1,LINCOLN AV,1,,,A,,,COLOMA ST,,,D,8/1/2024 2:02:09 PM,1/31/2025 12:09:31 PM,,,2,,,,,,,
3223584,19-043019,2,False,0109,8/20/2019 4:18:00 PM,1618,02Y,14,109,Oakland,1,True,True,D,BROADSIDE,,Tuesday,,,,,False,False,False,,C,OTHER MOTOR VEHICLE,,0,0,CLEAR,,NO UNUSUAL CONDITIONS - NO UNUSUAL CONDITIONS,,A,DAYLIGHT,,,,,,,A,NO PEDESTRIANS INVOLVED,,A,22450A,,1,CAMPBELL ST,1,,,A,,,11TH ST,,,A,8/1/2024 2:02:09 PM,1/31/2025 12:09:31 PM,,,2,,,,,,,
3223580,19-045026,2,False,0109,8/30/2019 3:54:00 PM,1554,32X,14,109,Oakland,1,True,True,D,BROADSIDE,,Friday,,,,,False,False,False,,C,OTHER MOTOR VEHICLE,,0,0,CLEAR,,NO UNUSUAL CONDITIONS - NO UNUSUAL CONDITIONS,,A,DAYLIGHT,,,,,,,A,NO PEDESTRIANS INVOLVED,,A,21802A,,1,BANCROFT AV,2,,,A,,,103RD AV,,,D,8/1/2024 2:02:08 PM,1/31/2025 12:09:31 PM,,,2,,,,,,,
3223576,19-042556,2,False,0109,8/18/2019 10:36:00 AM,1036,16X,14,109,Oakland,1,True,True,B,SIDE SWIPE,,Sunday,,,M,,False,False,False,,C,OTHER MOTOR VEHICLE,,0,0,CLEAR,,NO UNUSUAL CONDITIONS - NO UNUSUAL CONDITIONS,,A,DAYLIGHT,,,,,,,A,NO PEDESTRIANS INVOLVED,,A,22107,,1,LAKE PARK AV,1,,,A,,,LAKESHORE AV,,,A,8/1/2024 2:02:08 PM,1/31/2025 12:09:30 PM,,,2,,,,,,,
3223573,19-041888,2,False,0109,8/15/2019 6:05:00 AM,605,18X,14,109,Oakland,1,True,True,A,HEAD-ON,,Thursday,,,M,,False,False,False,,C,OTHER MOTOR VEHICLE,,0,0,CLEAR,,NO UNUSUAL CONDITIONS - NO UNUSUAL CONDITIONS,,A,DAYLIGHT,,,,,,,A,NO PEDESTRIANS INVOLVED,,A,22107,,1,23RD AV,1,,,A,,,E 17TH ST,,,D,8/1/2024 2:02:08 PM,1/31/2025 12:09:30 PM,,,2,,,,,,,
3223569,19-042649,2,False,0109,8/18/2019 10:15:00 PM,2215,31X,14,109,Oakland,1,True,True,C,REAR END,,Sunday,,,M,,False,False,False,,C,OTHER MOTOR VEHICLE,,0,0,CLEAR,,NO UNUSUAL CONDITIONS - NO UNUSUAL CONDITIONS,,C,DARK-STREET LIGHTS,,,,,,,A,NO PEDESTRIANS INVOLVED,,A,22350,,1,HEGENBERGER RD,2,,,A,,,JOE MORGAN,,,A,8/1/2024 2:02:08 PM,1/31/2025 12:09:30 PM,,,2,,,,,,,
3223559,19-042490,2,False,0109,8/18/2019 11:00:00 PM,2300,32X,14,109,Oakland,1,True,True,B,SIDE SWIPE,,Sunday,,,,,False,False,False,,C,OTHER MOTOR VEHICLE,,0,0,CLEAR,,NO UNUSUAL CONDITIONS - NO UNUSUAL CONDITIONS,,C,DARK-STREET LIGHTS,,,,,,,A,NO PEDESTRIANS INVOLVED,,A,22450A,,1,105TH AV,2,,,A,,,ROYAL ANN ST,,,A,8/1/2024 2:02:07 PM,1/31/2025 12:09:29 PM,,,2,,,,,,,
3223556,19-041429,2,False,0109,8/13/2019 5:37:00 AM,537,21X,14,109,Oakland,1,True,True,D,BROADSIDE,,Tuesday,,,,,False,False,False,,C,OTHER MOTOR VEHICLE,,0,0,CLEAR,,NO UNUSUAL CONDITIONS - NO UNUSUAL CONDITIONS,,B,DUSK-DAWN,,,,,,,A,NO PEDESTRIANS INVOLVED,,A,21802A,,1,FRUITVALE AV,1,,,A,,,E 16TH ST,,,A,8/1/2024 2:02:07 PM,1/31/2025 12:09:29 PM,,,2,,,,,,,
3223551,19-040423,2,False,0109,8/7/2019 3:12:00 PM,1512,34X,14,109,Oakland,1,True,True,H,OTHER,,Wednesday,,,,,False,False,False,,E,PARKED MOTOR VEHICLE,,0,0,CLEAR,,NO UNUSUAL CONDITIONS - NO UNUSUAL CONDITIONS,,A,DAYLIGHT,,,,,,,A,NO PEDESTRIANS INVOLVED,,A,22106,,1,98TH AV,2,,,A,N,100.0,BIRCH,F,,D,8/1/2024 2:02:06 PM,1/31/2025 12:09:29 PM,,,2,,,,,,,
3223547,19-044585,2,False,0109,8/28/2019 11:32:00 AM,1132,03Y,14,109,Oakland,1,True,True,D,BROADSIDE,,Wednesday,,,,,False,False,False,,C,OTHER MOTOR VEHICLE,,0,0,CLEAR,,NO UNUSUAL CONDITIONS - NO UNUSUAL CONDITIONS,,A,DAYLIGHT,,,,,,,A,NO PEDESTRIANS INVOLVED,,A,21453C,,1,13TH ST,1,,,A,,,HARRISON ST,,,A,8/1/2024 2:02:06 PM,1/31/2025 12:09:29 PM,,,2,,,,,,,
3223541,19-042337,2,False,0109,8/16/2019 4:44:00 PM,1644,10X,14,109,Oakland,1,True,True,B,SIDE SWIPE,,Friday,,,M,,False,False,False,,E,PARKED MOTOR VEHICLE,,0,0,CLEAR,,NO UNUSUAL CONDITIONS - NO UNUSUAL CONDITIONS,,A,DAYLIGHT,,,,,,,A,NO PEDESTRIANS INVOLVED,,A,22107,,1,47TH ST,1,,,A,,,MARKET ST,,,D,8/1/2024 2:02:06 PM,1/31/2025 12:09:28 PM,,,2,,,,,,,