collision-id,report-number,report-version,is-preliminary,ncic-code,crash-date-time,crash-time-description,beat,city-id,city-code,city-name,county-code,city-is-active,city-is-incorporated,collision-type-code,collision-type-description,collision-type-other-desc,day-of-week,dispatch-notified,has-photographs,hit-run,is-attachments-mailed,is-deleted,is-highway-related,is-tow-away,judicial-district,motor-vehicle-involved-with-code,motor-vehicle-involved-with-desc,motor-vehicle-involved-with-other-desc,number-injured,number-killed,weather-1,weather-2,road-condition-1,road-condition-2,special-condition-lighting-code,lighting-description,latitude,longitude,milepost-direction,milepost-distance,milepost-marker,milepost-unit-of-measure,pedestrian-action-code,pedestrian-action-desc,prepared-date,primary-collision-factor-code,primary-collision-factor-violation,primary-collision-factor-is-cited,primary-collision-party-number,primary-road,reporting-district,reporting-district-code,reviewed-date,roadway-surface-code,secondary-direction,secondary-distance,secondary-road,secondary-unit-of-measure,sketch-desc,traffic-control-device-code,created-date,modified-date,is-county-road,is-freeway,chp-555-version,is-additonal-object-struck,notification-date,notification-time-description,has-digital-media-files,evidence-number,is-location-refer-to-narrative,is-aoi-one-same-as-location
3223539,19-042144,2,False,0109,8/16/2019 2:00:00 PM,1400,09X,14,109,Oakland,1,True,True,C,REAR END,,Friday,,,M,,False,False,False,,C,OTHER MOTOR VEHICLE,,0,0,CLEAR,,NO UNUSUAL CONDITIONS - NO UNUSUAL CONDITIONS,,A,DAYLIGHT,,,,,,,A,NO PEDESTRIANS INVOLVED,,A,22350,,1,FAIRMOUNT AV,1,,,A,,,MACARTHUR BL,,,A,8/1/2024 2:02:05 PM,1/31/2025 12:09:28 PM,,,2,,,,,,,
3223535,19-039857,2,False,0109,8/4/2019 10:22:00 PM,2222,31Y,14,109,Oakland,1,True,True,A,HEAD-ON,,Sunday,,,M,,False,False,False,,C,OTHER MOTOR VEHICLE,,0,0,CLEAR,,NO UNUSUAL CONDITIONS - NO UNUSUAL CONDITIONS,,C,DARK-STREET LIGHTS,,,,,,,A,NO PEDESTRIANS INVOLVED,,A,22107,,1,EL VERANO ST,2,,,A,,,KERWIN AV,,,D,8/1/2024 2:02:05 PM,1/31/2025 12:09:28 PM,,,2,,,,,,,
3223518,19-045257,2,False,0109,8/31/2019 10:27:00 PM,2227,03,14,109,Oakland,1,True,True,D,BROADSIDE,,Saturday,,,,,False,False,False,,C,OTHER MOTOR VEHICLE,,1,0,CLEAR,,NO UNUSUAL CONDITIONS - NO UNUSUAL CONDITIONS,,C,DARK-STREET LIGHTS,,,,,,,A,NO PEDESTRIANS INVOLVED,,A,21453A,,1,12TH ST,1,,,A,,,WEBSTER ST,,,A,8/1/2024 2:02:04 PM,1/31/2025 12:09:27 PM,,,2,,,,,,,
3223515,19-044615,2,False,0109,8/28/2019 1:58:00 PM,1358,02,14,109,Oakland,1,True,True,D,BROADSIDE,,Wednesday,,,,,False,False,False,,C,OTHER MOTOR VEHICLE,,1,0,CLEAR,,NO UNUSUAL CONDITIONS - NO UNUSUAL CONDITIONS,,A,DAYLIGHT,,,,,,,A,NO PEDESTRIANS INVOLVED,,A,21800A,,1,ADELINE ST,1,,,A,,,WEST GRAND ST,,,A,8/1/2024 2:02:04 PM,1/31/2025 12:09:26 PM,,,2,,,,,,,
3223510,19-042976,2,False,0109,8/20/2019 12:28:00 PM,1228,08,14,109,Oakland,1,True,True,D,BROADSIDE,,Tuesday,,,,,False,False,False,,C,OTHER MOTOR VEHICLE,,1,0,CLEAR,,NO UNUSUAL CONDITIONS - NO UNUSUAL CONDITIONS,,A,DAYLIGHT,,,,,,,A,NO PEDESTRIANS INVOLVED,,A,21800A,,1,TELEGRAPH AV,1,,,A,N,30.0,38TH ST,F,,D,8/1/2024 2:02:03 PM,1/31/2025 12:09:26 PM,,,2,,,,,,,
3223506,19-042788,2,False,0109,8/19/2019 1:58:00 PM,1358,08,14,109,Oakland,1,True,True,B,SIDE SWIPE,,Monday,,,,,False,False,True,,E,PARKED MOTOR VEHICLE,,1,0,CLEAR,,NO UNUSUAL CONDITIONS - NO UNUSUAL CONDITIONS,,A,DAYLIGHT,,,,,,,A,NO PEDESTRIANS INVOLVED,,A,22107,,1,30TH ST,1,,,A,W,15.0,BROADWAY,F,,D,8/1/2024 2:02:03 PM,1/31/2025 12:09:26 PM,,,2,,,,,,,
3223503,19-044635,2,False,0109,8/26/2019 3:05:00 PM,1505,20,14,109,Oakland,1,True,True,C,REAR END,,Monday,,,M,,False,False,False,,C,OTHER MOTOR VEHICLE,,1,0,CLEAR,,NO UNUSUAL CONDITIONS - NO UNUSUAL CONDITIONS,,A,DAYLIGHT,,,,,,,A,NO PEDESTRIANS INVOLVED,,A,22350,,1,29TH AV,1,,,A,N,60.0,GLASCOCK ST,F,,A,8/1/2024 2:02:02 PM,1/31/2025 12:09:26 PM,,,2,,,,,,,
3223498,19-043042,2,False,0109,8/20/2019 5:37:00 PM,1737,26,14,109,Oakland,1,True,True,B,SIDE SWIPE,,Tuesday,,,M,,False,False,False,,C,OTHER MOTOR VEHICLE,,2,0,CLEAR,,NO UNUSUAL CONDITIONS - NO UNUSUAL CONDITIONS,,A,DAYLIGHT,,,,,,,A,NO PEDESTRIANS INVOLVED,,A,21804A,,1,65TH AV,2,,,A,S,10.0,INTERNATIONAL BL,F,,D,8/1/2024 2:02:02 PM,1/31/2025 12:09:26 PM,,,2,,,,,,,
3223494,19-041239,2,False,0109,8/12/2019 8:55:00 AM,855,07,14,109,Oakland,1,True,True,D,BROADSIDE,,Monday,,,M,,False,False,False,,C,OTHER MOTOR VEHICLE,,1,0,CLEAR,,NO UNUSUAL CONDITIONS - NO UNUSUAL CONDITIONS,,A,DAYLIGHT,,,,,,,A,NO PEDESTRIANS INVOLVED,,A,22450A,,1,28TH ST,1,,,A,,,LINCOLN ST,,,D,8/1/2024 2:02:02 PM,1/31/2025 12:09:25 PM,,,2,,,,,,,
3223489,19-044255,2,False,0109,8/26/2019 11:19:00 PM,2319,26,14,109,Oakland,1,True,True,G,VEHICLE/PEDESTRAIN,,Monday,,,M,,False,False,False,,B,PEDESTRIAN,,1,0,CLEAR,,NO UNUSUAL CONDITIONS - NO UNUSUAL CONDITIONS,,C,DARK-STREET LIGHTS,,,,,,,B,CROSSING IN CROSS WALK AT INTERSECTION,,A,21950A,,1,75TH AV,2,,,A,,,SAN LEANDRO ST,,,A,8/1/2024 2:02:01 PM,1/31/2025 12:09:25 PM,,,2,,,,,,,
3223485,19-045193,2,False,0109,8/31/2019 4:13:00 PM,1613,25,14,109,Oakland,1,True,True,A,HEAD-ON,,Saturday,,,M,,False,False,False,,C,OTHER MOTOR VEHICLE,,1,0,CLEAR,,NO UNUSUAL CONDITIONS - NO UNUSUAL CONDITIONS,,A,DAYLIGHT,,,,,,,A,NO PEDESTRIANS INVOLVED,,A,22450A,,1,38TH AV,2,,,A,N,6.0,QUIGLEY ST,F,,A,8/1/2024 2:02:01 PM,1/31/2025 12:09:25 PM,,,2,,,,,,,
3223481,19-045123,2,False,0109,8/31/2019 7:25:00 AM,725,27,14,109,Oakland,1,True,True,D,BROADSIDE,,Saturday,,,,,False,False,False,,C,OTHER MOTOR VEHICLE,,2,0,CLEAR,,HOLES- DEEPRUT* - HOLES- DEEPRUT*,,B,DUSK-DAWN,,,,,,,A,NO PEDESTRIANS INVOLVED,,A,22450A,,1,50TH AV,2,,,A,,,MELROSE AV,,,D,8/1/2024 2:02:01 PM,1/31/2025 12:09:24 PM,,,2,,,,,,,
3223476,19-045178,2,False,0109,8/31/2019 2:57:00 PM,1457,17,14,109,Oakland,1,True,True,D,BROADSIDE,,Saturday,,,,,False,False,False,,C,OTHER MOTOR VEHICLE,,1,0,CLEAR,,NO UNUSUAL CONDITIONS - NO UNUSUAL CONDITIONS,,A,DAYLIGHT,,,,,,,A,NO PEDESTRIANS INVOLVED,,A,21802A,,1,14TH AV,1,,,A,,,18TH ST,,,D,8/1/2024 2:02:00 PM,1/31/2025 12:09:24 PM,,,2,,,,,,,
3223473,19-044292,2,False,0109,8/27/2019 7:46:00 AM,746,32,14,109,Oakland,1,True,True,D,BROADSIDE,,Tuesday,,,,,False,False,True,,C,OTHER MOTOR VEHICLE,,3,0,CLEAR,,NO UNUSUAL CONDITIONS - NO UNUSUAL CONDITIONS,,A,DAYLIGHT,,,,,,,A,NO PEDESTRIANS INVOLVED,,A,21802A,,1,98TH AV,2,,,A,,,WALNUT ST,,,A,8/1/2024 2:02:00 PM,1/31/2025 12:09:24 PM,,,2,,,,,,,
3223472,19-043739,2,False,0109,8/24/2019 5:48:00 AM,548,16,14,109,Oakland,1,True,True,A,HEAD-ON,,Saturday,,,,,False,False,False,,I,FIXED OBJECT,,3,0,CLEAR,,NO UNUSUAL CONDITIONS - NO UNUSUAL CONDITIONS,,C,DARK-STREET LIGHTS,,,,,,,A,NO PEDESTRIANS INVOLVED,,A,22107,,1,LAKESHORE AV,1,,,A,S,20.0,MANDANA BL,F,,D,8/1/2024 2:02:00 PM,1/31/2025 12:09:24 PM,,,2,,,,,,,
3223468,19-043657,2,False,0109,8/23/2019 6:02:00 PM,1802,03,14,109,Oakland,1,True,True,C,REAR END,,Friday,,,,,False,False,False,,C,OTHER MOTOR VEHICLE,,2,0,CLEAR,,NO UNUSUAL CONDITIONS - NO UNUSUAL CONDITIONS,,A,DAYLIGHT,,,,,,,A,NO PEDESTRIANS INVOLVED,,A,22350,,1,12TH ST,1,,,A,E,10.0,FRANKLIN ST,F,,A,8/1/2024 2:01:59 PM,1/31/2025 12:09:24 PM,,,2,,,,,,,
3223466,19-041148,2,False,0109,8/11/2019 5:54:00 PM,1754,30,14,109,Oakland,1,True,True,B,SIDE SWIPE,,Sunday,,,,,False,False,False,,C,OTHER MOTOR VEHICLE,,1,0,CLEAR,,NO UNUSUAL CONDITIONS - NO UNUSUAL CONDITIONS,,A,DAYLIGHT,,,,,,,A,NO PEDESTRIANS INVOLVED,,A,22350,,1,73RD AV,2,,,A,W,10.0,WELD ST,F,,A,8/1/2024 2:01:59 PM,1/31/2025 12:09:23 PM,,,2,,,,,,,
3223459,19-045040,2,False,0109,8/30/2019 5:19:00 PM,1719,12,14,109,Oakland,1,True,True,D,BROADSIDE,,Friday,,,,,False,False,False,,C,OTHER MOTOR VEHICLE,,2,0,CLEAR,,NO UNUSUAL CONDITIONS - NO UNUSUAL CONDITIONS,,A,DAYLIGHT,,,,,,,A,NO PEDESTRIANS INVOLVED,,A,21802A,,1,51ST ST,1,,,A,,,LAWTON AV,,,D,8/1/2024 2:01:59 PM,1/31/2025 12:09:23 PM,,,2,,,,,,,
3223206,19-039651,2,False,0109,8/3/2019 8:16:00 PM,2016,30X,14,109,Oakland,1,True,True,D,BROADSIDE,,Saturday,,,,,False,False,False,,C,OTHER MOTOR VEHICLE,,0,0,CLEAR,,NO UNUSUAL CONDITIONS - NO UNUSUAL CONDITIONS,,B,DUSK-DAWN,,,,,,,A,NO PEDESTRIANS INVOLVED,,A,21453A,,1,INTERNATIONAL BL,2,,,A,,,81ST AV,,,A,8/1/2024 2:01:41 PM,1/31/2025 12:09:08 PM,,,2,,,,,,,
3223197,19-038671,2,False,0109,7/29/2019 6:05:00 PM,1805,16X,14,109,Oakland,1,True,True,B,SIDE SWIPE,,Monday,,,,,False,False,False,,G,BICYCLE,,1,0,CLEAR,,NO UNUSUAL CONDITIONS - NO UNUSUAL CONDITIONS,,A,DAYLIGHT,,,,,,,A,NO PEDESTRIANS INVOLVED,,A,21801A,,1,LEIMERT BL,1,,,A,,,PARK BL,,,A,8/1/2024 2:01:40 PM,1/31/2025 12:09:07 PM,,,2,,,,,,,
3223195,19-045837,2,False,0109,9/4/2019 4:14:00 AM,414,02X,14,109,Oakland,1,True,True,D,BROADSIDE,,Wednesday,,,,,False,False,True,,C,OTHER MOTOR VEHICLE,,1,0,CLEAR,,NO UNUSUAL CONDITIONS - NO UNUSUAL CONDITIONS,,C,DARK-STREET LIGHTS,,,,,,,A,NO PEDESTRIANS INVOLVED,,A,22107,,1,5TH ST,1,,,A,,,ADELINE ST,,,A,8/1/2024 2:01:40 PM,1/31/2025 12:09:07 PM,,,2,,,,,,,
3223190,19-033672,2,False,0109,7/3/2019 3:49:00 PM,1549,02Y,14,109,Oakland,1,True,True,F,OVERTURNED,,Wednesday,,,,,False,False,False,,I,FIXED OBJECT,,0,0,CLEAR,,NO UNUSUAL CONDITIONS - NO UNUSUAL CONDITIONS,,A,DAYLIGHT,,,,,,,A,NO PEDESTRIANS INVOLVED,,A,22350,,1,7TH ST,1,,,A,W,10.0,FRONTAGE RD,F,,A,8/1/2024 2:01:40 PM,1/31/2025 12:09:07 PM,,,2,,,,,,,
3223186,19-045997,2,False,0109,9/4/2019 9:25:00 PM,2125,32X,14,109,Oakland,1,True,True,A,HEAD-ON,,Wednesday,,,M,,False,False,False,,E,PARKED MOTOR VEHICLE,,0,0,CLEAR,,NO UNUSUAL CONDITIONS - NO UNUSUAL CONDITIONS,,C,DARK-STREET LIGHTS,,,,,,,A,NO PEDESTRIANS INVOLVED,,A,22107,,1,E ST,2,,,A,E,40.0,105TH AV,F,,A,8/1/2024 2:01:40 PM,1/31/2025 12:09:07 PM,,,2,,,,,,,
3223180,19-021792,2,False,0109,5/1/2019 11:50:00 PM,2350,19X,14,109,Oakland,1,True,True,B,SIDE SWIPE,,Wednesday,,,M,,False,False,False,,E,PARKED MOTOR VEHICLE,,0,0,CLEAR,,NO UNUSUAL CONDITIONS - NO UNUSUAL CONDITIONS,,C,DARK-STREET LIGHTS,,,,,,,A,NO PEDESTRIANS INVOLVED,,A,22350,,1,EMBARCADERO,1,,,A,,,16TH AV,,,D,8/1/2024 2:01:39 PM,1/31/2025 12:09:06 PM,,,2,,,,,,,
3223179,19-028804,2,False,0109,6/8/2019 4:43:00 PM,1643,30X,14,109,Oakland,1,True,True,B,SIDE SWIPE,,Saturday,,,M,,False,False,False,,C,OTHER MOTOR VEHICLE,,0,0,CLEAR,,NO UNUSUAL CONDITIONS - NO UNUSUAL CONDITIONS,,A,DAYLIGHT,,,,,,,A,NO PEDESTRIANS INVOLVED,,A,22107,,1,76TH AV,2,,,A,S,30.0,BANCROFT AV,F,,D,8/1/2024 2:01:39 PM,1/31/2025 12:09:06 PM,,,2,,,,,,,
3223174,19-044009,2,False,0109,8/25/2019 5:41:00 PM,1741,26X,14,109,Oakland,1,True,True,B,SIDE SWIPE,,Sunday,,,,,False,False,False,,E,PARKED MOTOR VEHICLE,,0,0,CLEAR,,NO UNUSUAL CONDITIONS - NO UNUSUAL CONDITIONS,,A,DAYLIGHT,,,,,,,A,NO PEDESTRIANS INVOLVED,,A,22107,,1,47TH AV,2,,,A,S,15.0,INTERNATIONAL BL,F,,A,8/1/2024 2:01:39 PM,1/31/2025 12:09:06 PM,,,2,,,,,,,
3222232,19-038346,2,False,0109,7/27/2019 7:04:00 PM,1904,23X,14,109,Oakland,1,True,True,B,SIDE SWIPE,,Saturday,,,,,False,False,False,,C,OTHER MOTOR VEHICLE,,0,0,CLEAR,,NO UNUSUAL CONDITIONS - NO UNUSUAL CONDITIONS,,A,DAYLIGHT,,,,,,,A,NO PEDESTRIANS INVOLVED,,A,21801A,,1,FOOTHILL AV,2,,,A,,,HIGH ST,,,A,8/1/2024 2:00:26 PM,1/31/2025 12:08:10 PM,,,2,,,,,,,
3222228,19-038870,2,False,0109,7/23/2019 2:50:00 PM,1450,35X,14,109,Oakland,1,True,True,E,HIT OBJECT,,Tuesday,,,,,False,False,False,,I,FIXED OBJECT,,0,0,CLEAR,,NO UNUSUAL CONDITIONS - NO UNUSUAL CONDITIONS,,A,DAYLIGHT,,,,,,,A,NO PEDESTRIANS INVOLVED,,A,22350,,1,KELLER AV,2,,,A,W,10.0,SANFORD ST,F,,D,8/1/2024 2:00:25 PM,1/31/2025 12:08:10 PM,,,2,,,,,,,
3222224,19-038358,2,False,0109,7/27/2019 8:01:00 PM,2001,03Y,14,109,Oakland,1,True,True,B,SIDE SWIPE,,Saturday,,,,,False,False,False,,C,OTHER MOTOR VEHICLE,,0,0,CLEAR,,NO UNUSUAL CONDITIONS - NO UNUSUAL CONDITIONS,,B,DUSK-DAWN,,,,,,,A,NO PEDESTRIANS INVOLVED,,A,22107,,,8TH ST,1,,,A,W,30.0,WASHINGTON ST,F,,A,8/1/2024 2:00:25 PM,1/31/2025 12:08:09 PM,,,2,,,,,,,
3222220,19-08408,2,False,0109,7/28/2019 1:49:00 AM,149,21Y,14,109,Oakland,1,True,True,A,HEAD-ON,,Sunday,,,M,,False,False,True,,E,PARKED MOTOR VEHICLE,,0,0,CLEAR,,NO UNUSUAL CONDITIONS - NO UNUSUAL CONDITIONS,,C,DARK-STREET LIGHTS,,,,,,,A,NO PEDESTRIANS INVOLVED,,A,22107,,1,SALISBURY ST,1,,,A,E,70.0,34TH AV,F,,D,8/1/2024 2:00:25 PM,1/31/2025 12:08:09 PM,,,2,,,,,,,
3222217,19-035404,2,False,0109,7/12/2019 7:28:00 PM,1928,27X,14,109,Oakland,1,True,True,C,REAR END,,Friday,,,M,,False,False,False,,C,OTHER MOTOR VEHICLE,,0,0,CLEAR,,NO UNUSUAL CONDITIONS - NO UNUSUAL CONDITIONS,,A,DAYLIGHT,,,,,,,A,NO PEDESTRIANS INVOLVED,,A,22350,,1,FOOTHILL BL,2,,,A,,,48TH AV,,,A,8/1/2024 2:00:24 PM,1/31/2025 12:08:09 PM,,,2,,,,,,,
3222214,19-034593,2,False,0109,7/8/2019 6:10:00 PM,1810,27X,14,109,Oakland,1,True,True,B,SIDE SWIPE,,Monday,,,,,False,False,False,,E,PARKED MOTOR VEHICLE,,0,0,CLEAR,,NO UNUSUAL CONDITIONS - NO UNUSUAL CONDITIONS,,A,DAYLIGHT,,,,,,,A,NO PEDESTRIANS INVOLVED,,A,22107,,1,BOND ST,2,,,A,,,48TH AV,,,D,8/1/2024 2:00:24 PM,1/31/2025 12:08:09 PM,,,2,,,,,,,
3222210,19-037370,2,False,0109,7/22/2019 11:30:00 PM,2330,27X,14,109,Oakland,1,True,True,D,BROADSIDE,,Monday,,,,,False,False,False,,C,OTHER MOTOR VEHICLE,,0,0,CLEAR,,NO UNUSUAL CONDITIONS - NO UNUSUAL CONDITIONS,,C,DARK-STREET LIGHTS,,,,,,,A,NO PEDESTRIANS INVOLVED,,A,22107,,1,BOND ST,2,,,A,W,400.0,47TH AV,F,,D,8/1/2024 2:00:24 PM,1/31/2025 12:08:08 PM,,,2,,,,,,,
3222205,19-038750,2,False,0109,7/30/2019 8:37:00 AM,837,25X,14,109,Oakland,1,True,True,D,BROADSIDE,,Tuesday,,,,,False,False,True,,E,PARKED MOTOR VEHICLE,,0,0,CLOUDY,,NO UNUSUAL CONDITIONS - NO UNUSUAL CONDITIONS,,A,DAYLIGHT,,,,,,,A,NO PEDESTRIANS INVOLVED,,A,22350,,1,BUELL ST,2,,,A,,,CALAVERAS AV,,,A,8/1/2024 2:00:23 PM,1/31/2025 12:08:08 PM,,,2,,,,,,,
3222175,19-038417,2,False,0109,7/28/2019 2:47:00 AM,247,27X,14,109,Oakland,1,True,True,D,BROADSIDE,,Sunday,,,M,,False,False,False,,C,OTHER MOTOR VEHICLE,,0,0,CLEAR,,NO UNUSUAL CONDITIONS - NO UNUSUAL CONDITIONS,,C,DARK-STREET LIGHTS,,,,,,,A,NO PEDESTRIANS INVOLVED,,A,23152A,,1,BANCROFT AV,2,,,A,,,55TH AV,,,A,8/1/2024 2:00:21 PM,1/31/2025 12:08:06 PM,,,2,,,,,,,
3222172,19-034249,2,False,0109,7/6/2019 10:37:00 PM,2237,21X,14,109,Oakland,1,True,True,C,REAR END,,Saturday,,,M,,False,False,True,,C,OTHER MOTOR VEHICLE,,0,0,CLEAR,,NO UNUSUAL CONDITIONS - NO UNUSUAL CONDITIONS,,C,DARK-STREET LIGHTS,,,,,,,A,NO PEDESTRIANS INVOLVED,,A,23152A,,1,FRUITVALE AV,1,,,A,,,HAROLD ST,,,A,8/1/2024 2:00:20 PM,1/31/2025 12:08:06 PM,,,2,,,,,,,
3222167,19-035408,2,False,0109,7/12/2019 6:52:00 PM,1852,12X,14,109,Oakland,1,True,True,C,REAR END,,Friday,,,,,False,False,False,,C,OTHER MOTOR VEHICLE,,0,0,CLEAR,,NO UNUSUAL CONDITIONS - NO UNUSUAL CONDITIONS,,A,DAYLIGHT,,,,,,,A,NO PEDESTRIANS INVOLVED,,A,23152A,,1,CLAREMONT AV,1,,,A,N,10.0,COLBY ST,F,,A,8/1/2024 2:00:20 PM,1/31/2025 12:08:06 PM,,,2,,,,,,,
3222163,19-035699,2,False,0109,7/14/2019 4:19:00 PM,1619,03X,14,109,Oakland,1,True,True,C,REAR END,,Sunday,,,,,False,False,False,,E,PARKED MOTOR VEHICLE,,0,0,CLEAR,,NO UNUSUAL CONDITIONS - NO UNUSUAL CONDITIONS,,A,DAYLIGHT,,,,,,,A,NO PEDESTRIANS INVOLVED,,A,22107,,1,13TH ST,1,,,A,E,15.0,HARRISON ST,F,,A,8/1/2024 2:00:20 PM,1/31/2025 12:08:06 PM,,,2,,,,,,,
3222162,19-037041,2,False,0109,7/21/2019 3:24:00 AM,324,20X,14,109,Oakland,1,True,True,C,REAR END,,Sunday,,,,,False,False,False,,E,PARKED MOTOR VEHICLE,,0,0,CLEAR,,NO UNUSUAL CONDITIONS - NO UNUSUAL CONDITIONS,,C,DARK-STREET LIGHTS,,,,,,,A,NO PEDESTRIANS INVOLVED,,A,23152A,,1,15TH ST,1,,,A,E,100.0,25TH AV,F,,A,8/1/2024 2:00:20 PM,1/31/2025 12:08:06 PM,,,2,,,,,,,
3241204,19-053340,2,False,0109,10/13/2019 10:49:00 AM,1049,,14,109,Oakland,1,True,True,A,HEAD-ON,,Sunday,,,,,False,False,False,,C,OTHER MOTOR VEHICLE,,0,0,CLEAR,,NO UNUSUAL CONDITIONS - NO UNUSUAL CONDITIONS,,A,DAYLIGHT,,,,,,,A,NO PEDESTRIANS INVOLVED,,A,22450A,,1,88TH AV,2,,,A,,,PLYMOUTH ST,,,D,8/1/2024 2:28:40 PM,1/31/2025 12:28:56 PM,,,2,,,,,,,
3241062,19-057246,2,False,0109,11/2/2019 4:56:00 PM,1656,29X,14,109,Oakland,1,True,True,D,BROADSIDE,,Saturday,,,M,,False,False,False,,C,OTHER MOTOR VEHICLE,,0,0,CLEAR,,NO UNUSUAL CONDITIONS - NO UNUSUAL CONDITIONS,,A,DAYLIGHT,,,,,,,A,NO PEDESTRIANS INVOLVED,,A,21755,,1,FOOTHILL BL,2,,,A,E,20.0,57TH AV,F,,D,8/1/2024 2:28:26 PM,1/31/2025 12:28:47 PM,,,2,,,,,,,
3241053,19-057269,2,False,0109,11/2/2019 9:19:00 PM,2119,35X,14,109,Oakland,1,True,True,E,HIT OBJECT,,Saturday,,,,,False,False,False,,I,FIXED OBJECT,,0,0,CLEAR,,NO UNUSUAL CONDITIONS - NO UNUSUAL CONDITIONS,,D,DARK-NO STREET LIGHTS,,,,,,,A,NO PEDESTRIANS INVOLVED,,A,22107,,1,BEMIS ST,2,,,A,S,25.0,GREENBRIER,F,,D,8/1/2024 2:28:25 PM,1/31/2025 12:28:47 PM,,,2,,,,,,,
3241044,19-057185,2,False,0109,11/2/2019 11:24:00 AM,1124,20X,14,109,Oakland,1,True,True,B,SIDE SWIPE,,Saturday,,,M,,False,False,False,,C,OTHER MOTOR VEHICLE,,0,0,CLEAR,,NO UNUSUAL CONDITIONS - NO UNUSUAL CONDITIONS,,A,DAYLIGHT,,,,,,,A,NO PEDESTRIANS INVOLVED,,A,21453A,,1,12TH ST,1,,,A,,,DERBY AV,,,A,8/1/2024 2:28:24 PM,1/31/2025 12:28:46 PM,,,2,,,,,,,
3241042,19-054710,2,False,0109,10/20/2019 4:57:00 PM,1657,03X,14,109,Oakland,1,True,True,D,BROADSIDE,,Sunday,,,,,False,False,True,,C,OTHER MOTOR VEHICLE,,0,0,CLEAR,,NO UNUSUAL CONDITIONS - NO UNUSUAL CONDITIONS,,A,DAYLIGHT,,,,,,,A,NO PEDESTRIANS INVOLVED,,A,21453A,,1,11TH ST,1,,,A,,,HARRISON ST,,,A,8/1/2024 2:28:24 PM,1/31/2025 12:28:46 PM,,,2,,,,,,,
3241041,19-052009,2,False,0109,10/6/2019 1:29:00 AM,129,31X,14,109,Oakland,1,True,True,E,HIT OBJECT,,Sunday,,,,,False,False,False,,I,FIXED OBJECT,,0,0,CLEAR,,NO UNUSUAL CONDITIONS - NO UNUSUAL CONDITIONS,,C,DARK-STREET LIGHTS,,,,,,,A,NO PEDESTRIANS INVOLVED,,A,22350,,1,HEGENBERGER RD,2,,,A,,,PARDEE DR,,,A,8/1/2024 2:28:24 PM,1/31/2025 12:28:46 PM,,,2,,,,,,,
3241035,19-051396,2,False,0109,10/3/2019 7:25:00 PM,1925,20X,14,109,Oakland,1,True,True,D,BROADSIDE,,Thursday,,,M,,False,False,False,,C,OTHER MOTOR VEHICLE,,0,0,CLEAR,,NO UNUSUAL CONDITIONS - NO UNUSUAL CONDITIONS,,A,DAYLIGHT,,,,,,,A,NO PEDESTRIANS INVOLVED,,A,22450A,,1,E 16TH ST,1,,,A,,,25TH AV,,,D,8/1/2024 2:28:23 PM,1/31/2025 12:28:45 PM,,,2,,,,,,,
3241030,19-051472,2,False,0109,10/3/2019 8:34:00 AM,834,08X,14,109,Oakland,1,True,True,A,HEAD-ON,,Thursday,,,,,False,False,False,,C,OTHER MOTOR VEHICLE,,0,0,CLEAR,,NO UNUSUAL CONDITIONS - NO UNUSUAL CONDITIONS,,A,DAYLIGHT,,,,,,,A,NO PEDESTRIANS INVOLVED,,A,21801A,,1,NORTHGATE AV,1,,,A,E,25.0,SYCAMORE ST,M,,D,8/1/2024 2:28:23 PM,1/31/2025 12:28:45 PM,,,2,,,,,,,
3241026,19-051691,2,False,0109,10/4/2019 10:21:00 AM,1021,31X,14,109,Oakland,1,True,True,E,HIT OBJECT,,Friday,,,,,False,False,True,,I,FIXED OBJECT,,0,0,CLEAR,,NO UNUSUAL CONDITIONS - NO UNUSUAL CONDITIONS,,A,DAYLIGHT,,,,,,,A,NO PEDESTRIANS INVOLVED,,A,22107,,1,HEGENBERGER RD,2,,,A,,,HEGENBERGER LOOP,,,A,8/1/2024 2:28:22 PM,1/31/2025 12:28:45 PM,,,2,,,,,,,
3241020,19-053257,2,False,0109,10/12/2019 9:57:00 PM,2157,04X,14,109,Oakland,1,True,True,D,BROADSIDE,,Saturday,,,M,,False,False,False,,C,OTHER MOTOR VEHICLE,,0,0,CLEAR,,NO UNUSUAL CONDITIONS - NO UNUSUAL CONDITIONS,,C,DARK-STREET LIGHTS,,,,,,,A,NO PEDESTRIANS INVOLVED,,A,21801A,,1,HARRISON ST,1,,,A,,,21ST ST,,,A,8/1/2024 2:28:22 PM,1/31/2025 12:28:45 PM,,,2,,,,,,,
3241018,19-053260,2,False,0109,10/12/2019 10:26:00 PM,2226,18X,14,109,Oakland,1,True,True,B,SIDE SWIPE,,Saturday,,,M,,False,False,False,,E,PARKED MOTOR VEHICLE,,0,0,CLEAR,,NO UNUSUAL CONDITIONS - NO UNUSUAL CONDITIONS,,C,DARK-STREET LIGHTS,,,,,,,A,NO PEDESTRIANS INVOLVED,,A,22107,,1,E 22ND ST,1,,,A,W,25.0,21ST AV,F,,D,8/1/2024 2:28:22 PM,1/31/2025 12:28:44 PM,,,2,,,,,,,
3240994,19-051819,2,False,0109,10/5/2019 1:30:00 AM,130,31X,14,109,Oakland,1,True,True,A,HEAD-ON,,Saturday,,,F,,False,False,False,,I,FIXED OBJECT,,0,0,CLEAR,,NO UNUSUAL CONDITIONS - NO UNUSUAL CONDITIONS,,C,DARK-STREET LIGHTS,,,,,,,A,NO PEDESTRIANS INVOLVED,,A,22107,,1,66TH AV,2,,,A,,,ZHONE WY,,,A,8/1/2024 2:28:20 PM,1/31/2025 12:28:43 PM,,,2,,,,,,,
3240992,19-051252,2,False,0109,10/2/2019 7:11:00 AM,711,01X,14,109,Oakland,1,True,True,D,BROADSIDE,,Wednesday,,,,,False,False,False,,C,OTHER MOTOR VEHICLE,,0,0,CLEAR,,NO UNUSUAL CONDITIONS - NO UNUSUAL CONDITIONS,,A,DAYLIGHT,,,,,,,A,NO PEDESTRIANS INVOLVED,,A,21453A,,1,5TH ST,1,,,A,,,MADISON ST,,,A,8/1/2024 2:28:19 PM,1/31/2025 12:28:43 PM,,,2,,,,,,,
3240991,19-052225,2,False,0109,10/7/2019 11:25:00 AM,1125,35X,14,109,Oakland,1,True,True,D,BROADSIDE,,Monday,,,,,False,False,False,,C,OTHER MOTOR VEHICLE,,0,0,CLEAR,,NO UNUSUAL CONDITIONS - NO UNUSUAL CONDITIONS,,A,DAYLIGHT,,,,,,,A,NO PEDESTRIANS INVOLVED,,A,21802A,,1,83RD AV,2,,,A,,,DOWLING ST,,,D,8/1/2024 2:28:19 PM,1/31/2025 12:28:43 PM,,,2,,,,,,,