collision-id,report-number,report-version,is-preliminary,ncic-code,crash-date-time,crash-time-description,beat,city-id,city-code,city-name,county-code,city-is-active,city-is-incorporated,collision-type-code,collision-type-description,collision-type-other-desc,day-of-week,dispatch-notified,has-photographs,hit-run,is-attachments-mailed,is-deleted,is-highway-related,is-tow-away,judicial-district,motor-vehicle-involved-with-code,motor-vehicle-involved-with-desc,motor-vehicle-involved-with-other-desc,number-injured,number-killed,weather-1,weather-2,road-condition-1,road-condition-2,special-condition-lighting-code,lighting-description,latitude,longitude,milepost-direction,milepost-distance,milepost-marker,milepost-unit-of-measure,pedestrian-action-code,pedestrian-action-desc,prepared-date,primary-collision-factor-code,primary-collision-factor-violation,primary-collision-factor-is-cited,primary-collision-party-number,primary-road,reporting-district,reporting-district-code,reviewed-date,roadway-surface-code,secondary-direction,secondary-distance,secondary-road,secondary-unit-of-measure,sketch-desc,traffic-control-device-code,created-date,modified-date,is-county-road,is-freeway,chp-555-version,is-additonal-object-struck,notification-date,notification-time-description,has-digital-media-files,evidence-number,is-location-refer-to-narrative,is-aoi-one-same-as-location
3270665,19-065980,2,False,0109,12/19/2019 1:00:00 PM,1300,02,14,109,Oakland,1,True,True,B,SIDE SWIPE,,Thursday,,,F,,False,False,False,,E,PARKED MOTOR VEHICLE,,0,0,CLEAR,,NO UNUSUAL CONDITIONS - NO UNUSUAL CONDITIONS,,A,DAYLIGHT,,,,,,,A,NO PEDESTRIANS INVOLVED,,A,22107,,1,CENTER ST,1,,,A,N,25.0,9TH ST,F,,D,8/1/2024 4:01:43 PM,1/31/2025 2:23:02 PM,,,2,,,,,,,
3270664,19-065198,2,False,0109,12/15/2019 12:10:00 PM,1210,06X,14,109,Oakland,1,True,True,D,BROADSIDE,,Sunday,,,,,False,False,True,,C,OTHER MOTOR VEHICLE,,1,0,CLEAR,,NO UNUSUAL CONDITIONS - NO UNUSUAL CONDITIONS,,A,DAYLIGHT,,,,,,,A,NO PEDESTRIANS INVOLVED,,A,22107,,1,MARKET ST,1,,,A,,,39TH ST,,,A,8/1/2024 4:01:43 PM,1/31/2025 2:23:02 PM,,,2,,,,,,,
3270662,19-064771,2,False,0109,12/12/2019 4:44:00 PM,1644,26X,14,109,Oakland,1,True,True,B,SIDE SWIPE,,Thursday,,,,,False,False,False,,C,OTHER MOTOR VEHICLE,,2,0,RAINING,,NO UNUSUAL CONDITIONS - NO UNUSUAL CONDITIONS,,A,DAYLIGHT,,,,,,,A,NO PEDESTRIANS INVOLVED,,A,21804,,1,INTERNATIONAL BL,2,,,B,E,100.0,67TH AV,F,,D,8/1/2024 4:01:42 PM,1/31/2025 2:23:02 PM,,,2,,,,,,,
3270661,19-062877,2,False,0109,12/2/2019 9:13:00 PM,2113,,14,109,Oakland,1,True,True,A,HEAD-ON,,Monday,,,,,False,False,False,,C,OTHER MOTOR VEHICLE,,2,0,CLOUDY,,NO UNUSUAL CONDITIONS - NO UNUSUAL CONDITIONS,,C,DARK-STREET LIGHTS,,,,,,,A,NO PEDESTRIANS INVOLVED,,A,21801A,,1,CLAREMONT AV,1,,,B,,,CLIFTON ST,,,A,8/1/2024 4:01:42 PM,1/31/2025 2:23:02 PM,,,2,,,,,,,
3270660,19-063113,2,False,0109,12/4/2019 3:17:00 AM,317,05X,14,109,Oakland,1,True,True,D,BROADSIDE,,Wednesday,,,,,False,False,True,,C,OTHER MOTOR VEHICLE,,1,0,RAINING,,NO UNUSUAL CONDITIONS - NO UNUSUAL CONDITIONS,,C,DARK-STREET LIGHTS,,,,,,,A,NO PEDESTRIANS INVOLVED,,A,21453A,,1,14TH ST,1,,,B,S,20.0,MARKET ST,F,,A,8/1/2024 4:01:42 PM,1/31/2025 2:23:02 PM,,,2,,,,,,,
3270659,19-063663,2,False,0109,12/6/2019 7:42:00 PM,1942,19X,14,109,Oakland,1,True,True,G,VEHICLE/PEDESTRAIN,,Friday,,,,,False,False,False,,B,PEDESTRIAN,,1,0,RAINING,,NO UNUSUAL CONDITIONS - NO UNUSUAL CONDITIONS,,E,DARK-STREET LIGHTS NOT FUNCTIONING*,,,,,,,D,CROSSING - NOT IN CROSSWALK,,A,21955,,1,E 12TH ST,1,,,B,W,10.0,18TH AV,F,,D,8/1/2024 4:01:42 PM,1/31/2025 2:23:02 PM,,,2,,,,,,,
3270658,19-065976,2,False,0109,12/19/2019 12:53:00 PM,1253,01X,14,109,Oakland,1,True,True,G,VEHICLE/PEDESTRAIN,,Thursday,,,,,False,False,False,,B,PEDESTRIAN,,1,0,CLEAR,,NO UNUSUAL CONDITIONS - NO UNUSUAL CONDITIONS,,A,DAYLIGHT,,,,,,,E,IN ROAD - INCLUDES SHOULDER,,B,,,1,40TH ST,1,,,A,,,40TH ST 1555,,,D,8/1/2024 4:01:41 PM,1/31/2025 2:23:02 PM,,,2,,,,,,,
3270654,19-066179,2,False,0109,12/20/2019 12:25:00 PM,1225,08X,14,109,Oakland,1,True,True,A,HEAD-ON,,Friday,,,,,False,False,False,,C,OTHER MOTOR VEHICLE,,1,0,CLEAR,,NO UNUSUAL CONDITIONS - NO UNUSUAL CONDITIONS,,A,DAYLIGHT,,,,,,,E,IN ROAD - INCLUDES SHOULDER,,A,21453A,,1,29TH ST,1,,,A,,,TELEGRAPH AV,,,A,8/1/2024 4:01:41 PM,1/31/2025 2:23:02 PM,,,2,,,,,,,
3270653,19-062873,2,False,0109,12/2/2019 9:51:00 PM,2151,02X,14,109,Oakland,1,True,True,D,BROADSIDE,,Monday,,,,,False,False,False,,C,OTHER MOTOR VEHICLE,,1,0,OTHER,,NO UNUSUAL CONDITIONS - NO UNUSUAL CONDITIONS,,C,DARK-STREET LIGHTS,,,,,,,A,NO PEDESTRIANS INVOLVED,,A,21453A,,1,6TH ST,1,,,B,,,MARKET ST,,,A,8/1/2024 4:01:41 PM,1/31/2025 2:23:02 PM,,,2,,,,,,,
3270647,19-063228,2,False,0109,12/4/2019 12:30:00 PM,1230,32X,14,109,Oakland,1,True,True,D,BROADSIDE,,Wednesday,,,,,False,False,False,,C,OTHER MOTOR VEHICLE,,1,0,CLOUDY,,NO UNUSUAL CONDITIONS - NO UNUSUAL CONDITIONS,,A,DAYLIGHT,,,,,,,A,NO PEDESTRIANS INVOLVED,,A,22106,,1,INTERNATIONAL BL,2,,,B,W,100.0,102ND AV,F,,D,8/1/2024 4:01:40 PM,1/31/2025 2:23:01 PM,,,2,,,,,,,
3270646,19-058943,2,False,0109,11/11/2019 7:51:00 PM,1951,31X,14,109,Oakland,1,True,True,D,BROADSIDE,,Monday,,,,,False,False,False,,C,OTHER MOTOR VEHICLE,,0,0,CLEAR,,NO UNUSUAL CONDITIONS - NO UNUSUAL CONDITIONS,,C,DARK-STREET LIGHTS,,,,,,,A,NO PEDESTRIANS INVOLVED,,A,21802A,,1,98TH AV,2,,,A,,,LYNDHURST ST,,,A,8/1/2024 4:01:40 PM,1/31/2025 2:23:02 PM,,,2,,,,,,,
3270643,19-062822,2,False,0109,12/2/2019 3:30:00 PM,1530,33,14,109,Oakland,1,True,True,D,BROADSIDE,,Monday,,,,,False,False,True,,C,OTHER MOTOR VEHICLE,,4,0,CLOUDY,,NO UNUSUAL CONDITIONS - NO UNUSUAL CONDITIONS,,A,DAYLIGHT,,,,,,,A,NO PEDESTRIANS INVOLVED,,A,22450A,,1,92ND AV,2,,,B,,,G ST,,,A,8/1/2024 4:01:39 PM,1/31/2025 2:23:02 PM,,,2,,,,,,,
3270641,19-066070,2,False,0109,12/19/2019 5:03:00 AM,503,32X,14,109,Oakland,1,True,True,A,HEAD-ON,,Thursday,,,M,,False,False,True,,E,PARKED MOTOR VEHICLE,,0,0,CLOUDY,,NO UNUSUAL CONDITIONS - NO UNUSUAL CONDITIONS,,C,DARK-STREET LIGHTS,,,,,,,A,NO PEDESTRIANS INVOLVED,,A,22107,,1,102ND AV,2,,,A,S,150.0,GRAFFIAN,F,,D,8/1/2024 4:01:39 PM,1/31/2025 2:23:01 PM,,,2,,,,,,,
3270640,19-064557,2,False,0109,12/11/2019 4:26:00 PM,1626,33X,14,109,Oakland,1,True,True,C,REAR END,,Wednesday,,,,,False,False,False,,C,OTHER MOTOR VEHICLE,,0,0,CLOUDY,RAINING,NO UNUSUAL CONDITIONS - NO UNUSUAL CONDITIONS,,C,DARK-STREET LIGHTS,,,,,,,A,NO PEDESTRIANS INVOLVED,,A,22106,,1,88TH AV,2,,,B,S,174.0,E ST,F,,D,8/1/2024 4:01:39 PM,1/31/2025 2:23:01 PM,,,2,,,,,,,
3270638,19-064834,2,False,0109,12/13/2019 1:00:00 AM,100,18X,14,109,Oakland,1,True,True,C,REAR END,,Friday,,,M,,False,False,False,,E,PARKED MOTOR VEHICLE,,0,0,RAINING,,NO UNUSUAL CONDITIONS - NO UNUSUAL CONDITIONS,,D,DARK-NO STREET LIGHTS,,,,,,,A,NO PEDESTRIANS INVOLVED,,A,22107,,1,E 20TH ST,1,,,B,,,22ND AV,,,A,8/1/2024 4:01:39 PM,1/31/2025 2:23:01 PM,,,2,,,,,,,
3270637,19-063687,2,False,0109,12/6/2019 10:30:00 PM,2230,35X,14,109,Oakland,1,True,True,B,SIDE SWIPE,,Friday,,,M,,False,False,False,,E,PARKED MOTOR VEHICLE,,0,0,RAINING,,NO UNUSUAL CONDITIONS - NO UNUSUAL CONDITIONS,,C,DARK-STREET LIGHTS,,,,,,,A,NO PEDESTRIANS INVOLVED,,A,22350,,1,GOLF LINKS RD,2,,,B,N,5.0,COSGRAVE AV,F,,D,8/1/2024 4:01:38 PM,1/31/2025 2:23:01 PM,,,2,,,,,,,
3270635,19-067889,2,False,0109,12/31/2019 12:26:00 AM,26,27X,14,109,Oakland,1,True,True,C,REAR END,,Tuesday,,,M,,False,False,False,,E,PARKED MOTOR VEHICLE,,0,0,CLEAR,,NO UNUSUAL CONDITIONS - NO UNUSUAL CONDITIONS,,C,DARK-STREET LIGHTS,,,,,,,A,NO PEDESTRIANS INVOLVED,,A,22106,,1,48TH AV,2,,,A,S,15.0,YGNACIO AV,F,,A,8/1/2024 4:01:38 PM,1/31/2025 2:23:01 PM,,,2,,,,,,,
3270628,19-054847,2,False,0109,10/21/2019 12:09:00 PM,1209,19X,14,109,Oakland,1,True,True,B,SIDE SWIPE,,Monday,,,M,,False,False,False,,C,OTHER MOTOR VEHICLE,,1,0,CLEAR,,NO UNUSUAL CONDITIONS - NO UNUSUAL CONDITIONS,,A,DAYLIGHT,,,,,,,A,NO PEDESTRIANS INVOLVED,,A,22107,,1,FOOTHILL BL,1,,,A,E,18.0,20TH AV,F,,A,8/1/2024 4:01:37 PM,1/31/2025 2:23:01 PM,,,2,,,,,,,
3270608,19-037367,2,False,0109,7/22/2019 10:10:00 PM,2210,21Y,14,109,Oakland,1,True,True,A,HEAD-ON,,Monday,,,M,,False,False,False,,C,OTHER MOTOR VEHICLE,,0,0,CLEAR,,NO UNUSUAL CONDITIONS - NO UNUSUAL CONDITIONS,,C,DARK-STREET LIGHTS,,,,,,,A,NO PEDESTRIANS INVOLVED,,A,23152A,,1,GALINDO ST,1,,,A,E,30.0,FRUITVALE AV,F,,D,8/1/2024 4:01:34 PM,1/31/2025 2:23:01 PM,,,2,,,,,,,
3270557,19-066453,2,False,0109,12/22/2019 1:49:00 AM,149,27X,14,109,Oakland,1,True,True,D,BROADSIDE,,Sunday,,,M,,False,False,False,,C,OTHER MOTOR VEHICLE,,3,0,CLEAR,,NO UNUSUAL CONDITIONS - NO UNUSUAL CONDITIONS,,C,DARK-STREET LIGHTS,,,,,,,A,NO PEDESTRIANS INVOLVED,,A,22350,,1,56TH AV,1,,,A,,,INTERNATIONAL BL,,,A,8/1/2024 4:01:28 PM,1/31/2025 2:22:59 PM,,,2,,,,,,,
3270551,19-065581,2,False,0109,12/17/2019 11:19:00 AM,1119,05Y,14,109,Oakland,1,True,True,D,BROADSIDE,,Tuesday,,,,,False,False,True,,C,OTHER MOTOR VEHICLE,,1,0,CLOUDY,,NO UNUSUAL CONDITIONS - NO UNUSUAL CONDITIONS,,A,DAYLIGHT,,,,,,,A,NO PEDESTRIANS INVOLVED,,A,21453A,,1,W GRAND AV,1,,,A,,,MANDELA PKWY,,,A,8/1/2024 4:01:27 PM,1/31/2025 2:22:59 PM,,,2,,,,,,,
3270548,19-064856,2,False,0109,12/13/2019 6:35:00 AM,635,03X,14,109,Oakland,1,True,True,D,BROADSIDE,,Friday,,,,,False,False,False,,C,OTHER MOTOR VEHICLE,,1,0,CLEAR,,NO UNUSUAL CONDITIONS - NO UNUSUAL CONDITIONS,,A,DAYLIGHT,,,,,,,A,NO PEDESTRIANS INVOLVED,,A,21453A,,1,JACKSON ST,1,,,A,,,7TH ST,,,A,8/1/2024 4:01:26 PM,1/31/2025 2:22:59 PM,,,2,,,,,,,
3270545,19-068016,2,False,0109,12/31/2019 5:14:00 PM,1714,27X,14,109,Oakland,1,True,True,D,BROADSIDE,,Tuesday,,,,,False,False,False,,C,OTHER MOTOR VEHICLE,,1,0,CLEAR,,NO UNUSUAL CONDITIONS - NO UNUSUAL CONDITIONS,,B,DUSK-DAWN,,,,,,,A,NO PEDESTRIANS INVOLVED,,A,21801A,,1,INTERNATIONAL BL,2,,,A,,,55TH AV,,,D,8/1/2024 4:01:26 PM,1/31/2025 2:22:59 PM,,,2,,,,,,,
3270544,19-066901,2,False,0109,12/24/2019 10:33:00 PM,2233,21X,14,109,Oakland,1,True,True,A,HEAD-ON,,Tuesday,,,,,False,False,False,,C,OTHER MOTOR VEHICLE,,1,0,RAINING,,NO UNUSUAL CONDITIONS - NO UNUSUAL CONDITIONS,,C,DARK-STREET LIGHTS,,,,,,,A,NO PEDESTRIANS INVOLVED,,A,22100B,,1,FRUITVALE AV,1,,,B,,,SCHOOL ST,,,A,8/1/2024 4:01:26 PM,1/31/2025 2:22:59 PM,,,2,,,,,,,
3270539,19-067954,2,False,0109,12/30/2019 10:31:00 AM,1031,04X,14,109,Oakland,1,True,True,H,OTHER,,Monday,,,,,False,False,False,,A,NON-COLLISION,,1,0,CLEAR,,NO UNUSUAL CONDITIONS - NO UNUSUAL CONDITIONS,,A,DAYLIGHT,,,,,,,A,NO PEDESTRIANS INVOLVED,,A,22350,,1,17TH ST,1,,,A,,,FRANKLIN ST,,,A,8/1/2024 4:01:25 PM,1/31/2025 2:22:59 PM,,,2,,,,,,,
3270535,19-065839,2,False,0109,12/18/2019 5:06:00 PM,1706,32X,14,109,Oakland,1,True,True,D,BROADSIDE,,Wednesday,,,M,,False,False,True,,C,OTHER MOTOR VEHICLE,,1,0,CLEAR,,NO UNUSUAL CONDITIONS - NO UNUSUAL CONDITIONS,,B,DUSK-DAWN,,,,,,,A,NO PEDESTRIANS INVOLVED,,A,22350,,1,101ST AV,2,,,A,,,WALNUT ST,,,A,8/1/2024 4:01:24 PM,1/31/2025 2:22:59 PM,,,2,,,,,,,
3270532,19-065752,2,False,0109,12/18/2019 10:10:00 AM,1010,24X,14,109,Oakland,1,True,True,D,BROADSIDE,,Wednesday,,,,,False,False,False,,G,BICYCLE,,1,0,CLEAR,,NO UNUSUAL CONDITIONS - NO UNUSUAL CONDITIONS,,A,DAYLIGHT,,,,,,,A,NO PEDESTRIANS INVOLVED,,A,21804A,,1,INTERNATIONAL BL,2,,,B,E,50.0,42ND AV,F,,D,8/1/2024 4:01:24 PM,1/31/2025 2:22:59 PM,,,2,,,,,,,
3270529,19-066072,2,False,0109,12/19/2019 10:58:00 PM,2258,31Y,14,109,Oakland,1,True,True,D,BROADSIDE,,Thursday,,,,,False,False,False,,D,MOTOR VEHICLE ON OTHER ROADWAY,,2,0,CLEAR,,NO UNUSUAL CONDITIONS - NO UNUSUAL CONDITIONS,,C,DARK-STREET LIGHTS,,,,,,,A,NO PEDESTRIANS INVOLVED,,A,21801A,,1,HEGENBERGER RD,2,,,A,,,LEET DR,,,A,8/1/2024 4:01:23 PM,1/31/2025 2:22:59 PM,,,2,,,,,,,
3270506,19-063875,2,False,0109,12/8/2019 7:53:00 AM,753,25Y,14,109,Oakland,1,True,True,E,HIT OBJECT,,Sunday,,,,,False,False,False,,I,FIXED OBJECT,,0,0,CLOUDY,RAINING,NO UNUSUAL CONDITIONS - NO UNUSUAL CONDITIONS,,A,DAYLIGHT,,,,,,,A,NO PEDESTRIANS INVOLVED,,A,22107,,1,SAN LEANDRO ST,2,,,B,E,25.0,75TH AV,F,,D,8/1/2024 4:01:20 PM,1/31/2025 2:22:58 PM,,,2,,,,,,,
3270504,19-063845,2,False,0109,12/8/2019 1:53:00 AM,153,02X,14,109,Oakland,1,True,True,A,HEAD-ON,,Sunday,,,,,False,False,False,,I,FIXED OBJECT,,0,0,RAINING,,NO UNUSUAL CONDITIONS - NO UNUSUAL CONDITIONS,,C,DARK-STREET LIGHTS,,,,,,,A,NO PEDESTRIANS INVOLVED,,A,22107,,1,MARKET ST,1,,,B,,,8TH ST,,,A,8/1/2024 4:01:19 PM,1/31/2025 2:22:58 PM,,,2,,,,,,,
3270495,19-064831,2,False,0109,12/13/2019 1:38:00 AM,138,08X,14,109,Oakland,1,True,True,C,REAR END,,Friday,,,M,,False,False,False,,E,PARKED MOTOR VEHICLE,,0,0,CLEAR,,NO UNUSUAL CONDITIONS - NO UNUSUAL CONDITIONS,,C,DARK-STREET LIGHTS,,,,,,,A,NO PEDESTRIANS INVOLVED,,A,22107,,1,29TH ST,1,,,B,W,200.0,TELEGRAPH AV,F,,D,8/1/2024 4:01:18 PM,1/31/2025 2:22:58 PM,,,2,,,,,,,
3270492,19-067126,2,False,0109,12/26/2019 2:00:00 PM,1400,02X,14,109,Oakland,1,True,True,B,SIDE SWIPE,,Thursday,,,,,False,False,False,,C,OTHER MOTOR VEHICLE,,0,0,CLEAR,,NO UNUSUAL CONDITIONS - NO UNUSUAL CONDITIONS,,A,DAYLIGHT,,,,,,,A,NO PEDESTRIANS INVOLVED,,A,22107,,1,MCELROY ST,1,,,A,S,12.0,9TH ST,F,,D,8/1/2024 4:01:17 PM,1/31/2025 2:22:58 PM,,,2,,,,,,,
3270491,19-065248,2,False,0109,12/15/2019 12:36:00 PM,1236,34X,14,109,Oakland,1,True,True,E,HIT OBJECT,,Sunday,,,M,,False,False,False,,I,FIXED OBJECT,,0,0,CLEAR,,NO UNUSUAL CONDITIONS - NO UNUSUAL CONDITIONS,,A,DAYLIGHT,,,,,,,A,NO PEDESTRIANS INVOLVED,,A,22107,,1,PLYMOUTH ST,2,,,A,E,3.0,94TH AV,F,,A,8/1/2024 4:01:17 PM,1/31/2025 2:22:58 PM,,,2,,,,,,,
3270489,19-065627,2,False,0109,12/17/2019 1:23:00 PM,1323,07X,14,109,Oakland,1,True,True,B,SIDE SWIPE,,Tuesday,,,M,,False,False,True,,C,OTHER MOTOR VEHICLE,,0,0,CLEAR,,NO UNUSUAL CONDITIONS - NO UNUSUAL CONDITIONS,,A,DAYLIGHT,,,,,,,A,NO PEDESTRIANS INVOLVED,,A,22350A,,1,ADELLE ST,1,,,A,,,34TH ST,,,A,8/1/2024 4:01:17 PM,1/31/2025 2:22:58 PM,,,2,,,,,,,
3270485,19-065360,2,False,0109,12/16/2019 8:33:00 AM,833,23X,14,109,Oakland,1,True,True,D,BROADSIDE,,Monday,,,,,False,False,False,,C,OTHER MOTOR VEHICLE,,0,0,CLEAR,,NO UNUSUAL CONDITIONS - NO UNUSUAL CONDITIONS,,A,DAYLIGHT,,,,,,,A,NO PEDESTRIANS INVOLVED,,A,21453A,,,42ND AV,2,,,A,,,BONO ST,,,A,8/1/2024 4:01:17 PM,1/31/2025 2:22:57 PM,,,2,,,,,,,
3270482,19-067774,2,False,0109,12/30/2019 11:32:00 AM,1132,27X,14,109,Oakland,1,True,True,B,SIDE SWIPE,,Monday,,,,,False,False,True,,E,PARKED MOTOR VEHICLE,,0,0,CLEAR,,NO UNUSUAL CONDITIONS - NO UNUSUAL CONDITIONS,,A,DAYLIGHT,,,,,,,A,NO PEDESTRIANS INVOLVED,,A,22107,,1,INTERNATIONAL BL,2,,,A,W,123.0,45TH AV,F,,D,8/1/2024 4:01:17 PM,1/31/2025 2:22:57 PM,,,2,,,,,,,
3270476,19-064124,2,False,0109,12/9/2019 6:45:00 PM,1845,27X,14,109,Oakland,1,True,True,E,HIT OBJECT,,Monday,,,M,,False,False,False,,I,FIXED OBJECT,,0,0,CLEAR,,NO UNUSUAL CONDITIONS - NO UNUSUAL CONDITIONS,,C,DARK-STREET LIGHTS,,,,,,,A,NO PEDESTRIANS INVOLVED,,A,22107,,1,INTERNATIONAL BL,2,,,B,W,100.0,SEMINARY AV,F,,A,8/1/2024 4:01:16 PM,1/31/2025 2:22:57 PM,,,2,,,,,,,
3270474,19-067523,2,False,0109,12/28/2019 10:23:00 PM,2223,30X,14,109,Oakland,1,True,True,D,BROADSIDE,,Saturday,,,,,False,False,True,,C,OTHER MOTOR VEHICLE,,0,0,CLEAR,,NO UNUSUAL CONDITIONS - NO UNUSUAL CONDITIONS,,C,DARK-STREET LIGHTS,,,,,,,A,NO PEDESTRIANS INVOLVED,,A,22450A,,1,75TH AV,2,,,A,,,GARFIELD AV,,,A,8/1/2024 4:01:16 PM,1/31/2025 2:22:57 PM,,,2,,,,,,,
3270471,19-065883,2,False,0109,12/18/2019 10:55:00 PM,2255,20X,14,109,Oakland,1,True,True,E,HIT OBJECT,,Wednesday,,,M,,False,False,False,,I,FIXED OBJECT,,0,0,CLOUDY,RAINING,NO UNUSUAL CONDITIONS - NO UNUSUAL CONDITIONS,,C,DARK-STREET LIGHTS,,,,,,,A,NO PEDESTRIANS INVOLVED,,A,22107,,1,INTERNATIONAL BL,1,,,B,,,MILLER AV,,,D,8/1/2024 4:01:15 PM,1/31/2025 2:22:57 PM,,,2,,,,,,,
3270469,19-063847,2,False,0109,12/8/2019 2:09:00 AM,209,04X,14,109,Oakland,1,True,True,B,SIDE SWIPE,,Sunday,,,M,,False,False,False,,E,PARKED MOTOR VEHICLE,,0,0,RAINING,,NO UNUSUAL CONDITIONS - NO UNUSUAL CONDITIONS,,C,DARK-STREET LIGHTS,,,,,,,E,IN ROAD - INCLUDES SHOULDER,,A,22107,,1,14TH ST,1,,,B,W,100.0,FRANKLIN ST,F,,A,8/1/2024 4:01:15 PM,1/31/2025 2:22:57 PM,,,2,,,,,,,
3270465,19-063880,2,False,0109,12/8/2019 5:14:00 AM,514,25Y,14,109,Oakland,1,True,True,E,HIT OBJECT,,Sunday,,,M,,False,False,False,,I,FIXED OBJECT,,0,0,RAINING,,NO UNUSUAL CONDITIONS - NO UNUSUAL CONDITIONS,,C,DARK-STREET LIGHTS,,,,,,,F,NOT IN ROAD,,A,22107,,1,INTERNATIONAL BL,2,,,B,W,20.0,81ST AV,F,,A,8/1/2024 4:01:14 PM,1/31/2025 2:22:57 PM,,,2,,,,,,,
3270463,19-065924,2,False,0109,12/19/2019 7:36:00 AM,736,14X,14,109,Oakland,1,True,True,E,HIT OBJECT,,Thursday,,,,,False,False,False,,I,FIXED OBJECT,,0,0,CLOUDY,,NO UNUSUAL CONDITIONS - NO UNUSUAL CONDITIONS,,A,DAYLIGHT,,,,,,,A,NO PEDESTRIANS INVOLVED,,A,22350,,1,PARK VIEW TER,1,,,B,E,10.0,MONTECITO AV,F,,D,8/1/2024 4:01:14 PM,1/31/2025 2:22:57 PM,,,2,,,,,,,
3270462,19-066971,2,False,0109,12/25/2019 12:40:00 PM,1240,18X,14,109,Oakland,1,True,True,B,SIDE SWIPE,,Wednesday,,,M,,False,False,False,,C,OTHER MOTOR VEHICLE,,0,0,CLEAR,,NO UNUSUAL CONDITIONS - NO UNUSUAL CONDITIONS,,A,DAYLIGHT,,,,,,,A,NO PEDESTRIANS INVOLVED,,A,22107,,1,HIGHLAND AV,1,,,A,S,40.0,E 26TH ST,F,,D,8/1/2024 4:01:14 PM,1/31/2025 2:22:57 PM,,,2,,,,,,,
3270459,19-065317,2,False,0109,12/16/2019 11:20:00 PM,2320,29X,14,109,Oakland,1,True,True,B,SIDE SWIPE,,Monday,,,,,False,False,False,,E,PARKED MOTOR VEHICLE,,0,0,CLEAR,,NO UNUSUAL CONDITIONS - NO UNUSUAL CONDITIONS,,C,DARK-STREET LIGHTS,,,,,,,A,NO PEDESTRIANS INVOLVED,,A,22106,,1,LAIRD AV,2,,,A,E,400.0,SEMINARY AV,F,,B,8/1/2024 4:01:14 PM,1/31/2025 2:22:57 PM,,,2,,,,,,,
3270455,19-065411,2,False,0109,12/16/2019 1:29:00 PM,1329,19X,14,109,Oakland,1,True,True,D,BROADSIDE,,Monday,,,,,False,False,False,,C,OTHER MOTOR VEHICLE,,0,0,CLEAR,,NO UNUSUAL CONDITIONS - NO UNUSUAL CONDITIONS,,A,DAYLIGHT,,,,,,,A,NO PEDESTRIANS INVOLVED,,A,21802A,,1,E 15TH ST,1,,,A,,,18TH AV,,,A,8/1/2024 4:01:14 PM,1/31/2025 2:22:57 PM,,,2,,,,,,,
3270452,19-064220,2,False,0109,12/10/2019 8:54:00 AM,854,23X,14,109,Oakland,1,True,True,C,REAR END,,Tuesday,,,,,False,False,True,,C,OTHER MOTOR VEHICLE,,0,0,CLEAR,,NO UNUSUAL CONDITIONS - NO UNUSUAL CONDITIONS,,A,DAYLIGHT,,,,,,,A,NO PEDESTRIANS INVOLVED,,A,22350,,1,SAN LEANDRO ST,2,,,A,,,HIGH ST,,,A,8/1/2024 4:01:13 PM,1/31/2025 2:22:57 PM,,,2,,,,,,,
3270378,19-054218,2,False,0109,11/13/2019 10:00:00 PM,2200,19X,14,109,Oakland,1,True,True,E,HIT OBJECT,,Wednesday,,,,,False,False,False,,E,PARKED MOTOR VEHICLE,,0,0,CLEAR,,NO UNUSUAL CONDITIONS - NO UNUSUAL CONDITIONS,,C,DARK-STREET LIGHTS,,,,,,,A,NO PEDESTRIANS INVOLVED,,D,,,,3RD AV,1,,,A,N,60.0,E 12TH ST,F,,D,8/1/2024 4:01:01 PM,1/31/2025 2:22:55 PM,,,2,,,,,,,
3270375,19-061538,2,False,0109,11/24/2019 4:19:00 PM,1619,21X,14,109,Oakland,1,True,True,B,SIDE SWIPE,,Sunday,,,,,False,False,True,,E,PARKED MOTOR VEHICLE,,0,0,CLEAR,,NO UNUSUAL CONDITIONS - NO UNUSUAL CONDITIONS,,A,DAYLIGHT,,,,,,,A,NO PEDESTRIANS INVOLVED,,A,23152A,,1,INYO AV,1,,,A,N,20.0,26TH ST,F,,D,8/1/2024 4:01:01 PM,1/31/2025 2:22:55 PM,,,2,,,,,,,
3270366,19-051149,2,False,0109,10/1/2019 3:41:00 PM,1541,19X,14,109,Oakland,1,True,True,D,BROADSIDE,,Tuesday,,,,,False,False,False,,C,OTHER MOTOR VEHICLE,,1,0,CLEAR,,NO UNUSUAL CONDITIONS - NO UNUSUAL CONDITIONS,,A,DAYLIGHT,,,,,,,A,NO PEDESTRIANS INVOLVED,,A,21802A,,1,E 15TH ST,1,,,A,,,21ST ST,,,A,8/1/2024 4:01:00 PM,1/31/2025 2:22:55 PM,,,2,,,,,,,
3270359,19-041762,2,False,0109,8/14/2019 5:57:00 PM,1757,19X,14,109,Oakland,1,True,True,B,SIDE SWIPE,,Wednesday,,,,,False,False,False,,C,OTHER MOTOR VEHICLE,,0,0,CLEAR,,NO UNUSUAL CONDITIONS - NO UNUSUAL CONDITIONS,,A,DAYLIGHT,,,,,,,A,NO PEDESTRIANS INVOLVED,,B,,,1,14TH AV,1,,,A,N,15.0,E 12TH ST,F,,A,8/1/2024 4:00:59 PM,1/31/2025 2:22:54 PM,,,2,,,,,,,
3270227,19-059905,2,False,0109,11/16/2019 1:08:00 AM,108,09X,14,109,Oakland,1,True,True,C,REAR END,,Saturday,,,,,False,False,True,,C,OTHER MOTOR VEHICLE,,0,0,CLEAR,,NO UNUSUAL CONDITIONS - NO UNUSUAL CONDITIONS,,C,DARK-STREET LIGHTS,,,,,,,A,NO PEDESTRIANS INVOLVED,,A,23152A,,1,BROADWAY,1,,,A,S,200.0,W MACARTHUR BL,F,,A,8/1/2024 4:00:41 PM,1/31/2025 2:22:51 PM,,,2,,,,,,,
3270226,19-059839,2,False,0109,11/15/2019 4:50:00 PM,1650,30X,14,109,Oakland,1,True,True,B,SIDE SWIPE,,Friday,,,,,False,False,False,,C,OTHER MOTOR VEHICLE,,0,0,CLEAR,,NO UNUSUAL CONDITIONS - NO UNUSUAL CONDITIONS,,C,DARK-STREET LIGHTS,,,,,,,A,NO PEDESTRIANS INVOLVED,,A,21461A,,1,MACARTHUR BL,2,,,A,,,73RD AV,,,A,8/1/2024 4:00:41 PM,1/31/2025 2:22:51 PM,,,2,,,,,,,